codigo,material,unidade,grupo,subgrupo,acesso,tipo,especialidade,familia,imagem,observacao,ativo
4150488,ABRIDOR DE BOCA EXPANDEX ADULTO,U - Unidade,13,Odontologia,TODOS,Consumo,"Odontopediatria;Cirurgia",Auxiliares de abertura,4150488.jpg,,SIM
4150493,ABRIDOR DE BOCA EXPANDEX INFANTIL,U - Unidade,13,Odontologia,TODOS,Consumo,Odontopediatria,Auxiliares de abertura,4150493.jpg,,SIM
4150479,ABRITEC INFANTIL (COM 2 UNIDADES),U - Unidade,13,Odontologia,TODOS,Consumo,Odontopediatria,Auxiliares de abertura,4150479.jpg,,SIM
4150483,ÁCIDO GEL CONDICIONADOR DE DENTINA E ESMALTE (PACOTE COM 3 SERINGAS),PC - Pacote,13,Odontologia,TODOS,Consumo,Dentística,Adesivos e condicionadores,4150483.jpg,,SIM
4150485,ADESIVO DENTAL FOTOPOLIMERIZÁVEL,U - Unidade,13,Odontologia,TODOS,Consumo,Dentística,Adesivos e condicionadores,4150485.jpg,,SIM
4150498,ÁGUA OXIGENADA 3% 10 VOLUMES (FRASCO 1L),FR - Frasco,13,Odontologia,TODOS,Consumo,Biossegurança,Descartáveis e barreiras,4150498.jpg,,SIM
4150500,AGULHA GENGIVAL CURTA 30 G DESCARTÁVEL (CAIXA COM 100 UNIDADES),CA - Caixa,13,Odontologia,TODOS,Consumo,Anestesia,Anestesia,4150500.jpg,,SIM
4150502,AGULHA GENGIVAL EXTRA CURTA 30 G DESCARTÁVEL (CAIXA COM 100 UNIDADES),CA - Caixa,13,Odontologia,TODOS,Consumo,Anestesia,Anestesia,4150502.jpg,,SIM
4150747,AGULHA HIPODÉRMICA 25 x 4 PARA ENDODONTIA,U - Unidade,15,CEO,CEO,Consumo,Endodontia,Irrigação e aspiração,4150747.jpg,,SIM
4150748,AGULHA HIPODÉRMICA 30 x 4 PARA ENDODONTIA,U - Unidade,15,CEO,CEO,Consumo,Endodontia,Irrigação e aspiração,4150748.jpg,,SIM
4150477,ALAVANCA INFANTIL (KIT COM 3 PEÇAS),KI - Kit,12,Odontologia Instrumental,TODOS,Instrumental,"Cirurgia;Odontopediatria",Alavancas,4150477.jpg,,SIM
4150478,ALAVANCA SELDIN (KIT COM 3 PEÇAS),KI - Kit,12,Odontologia Instrumental,TODOS,Instrumental,Cirurgia,Alavancas,4150478.jpg,,SIM
4150782,ALAVANCA TIPO APEXO Nº 301,U - Unidade,14,CEO Instrumental,CEO,Instrumental,Cirurgia,Alavancas,4150782.jpg,,SIM
4150783,ALAVANCA TIPO APEXO Nº 303,U - Unidade,14,CEO Instrumental,CEO,Instrumental,Cirurgia,Alavancas,4150783.jpg,,SIM
4150784,ALAVANCA TIPO APEXO Nº 304,U - Unidade,14,CEO Instrumental,CEO,Instrumental,Cirurgia,Alavancas,4150784.jpg,,SIM
4150781,ALAVANCA TIPO CANALETA RETA COM RANHURAS,U - Unidade,14,CEO Instrumental,CEO,Instrumental,Cirurgia,Alavancas,4150781.jpg,,SIM
4150785,ALAVANCA TIPO SELDIN COM CURVATURA E RANHURAS,U - Unidade,14,CEO Instrumental,CEO,Instrumental,Cirurgia,Alavancas,4150785.jpg,,SIM
4150786,"ALAVANCAS CRYER Nº 27, 28, 31 E 32",U - Unidade,14,CEO Instrumental,CEO,Instrumental,Cirurgia,Alavancas,4150786.jpg,,SIM
4150787,ALAVANCAS DE POTT,U - Unidade,14,CEO Instrumental,CEO,Instrumental,Cirurgia,Alavancas,4150787.jpg,,SIM
4150749,ALGINATO HIDROCOLÓIDE DE PRESA NORMAL (PRÓTESE) - 453G,U - Unidade,15,CEO,CEO,Consumo,Prótese,Materiais de moldagem,4150749.jpg,,SIM
4150480,ALVEOLOTOMO,U - Unidade,12,Odontologia Instrumental,TODOS,Instrumental,Cirurgia,Instrumental cirúrgico,4150480.jpg,,SIM
4150513,ANESTÉSICO INJ MEPIVACAÍNA 2% COM VASOC EPINEFRINA 1:100.000 (CAIXA COM 50 TUBETES),CA - Caixa,13,Odontologia,TODOS,Consumo,Anestesia,Anestesia,4150513.jpg,,SIM
4150508,ANESTÉSICO INJETÁVEL ARTICAÍNA 4% COM EPINEFRINA (CAIXA COM 50 TUBETES),CA - Caixa,13,Odontologia,TODOS,Consumo,Anestesia,Anestesia,4150508.jpg,,SIM
4150511,ANESTÉSICO INJETÁVEL LIDOCAÍNA COM EPINEFRINA 1:100.000 (CAIXA COM 50 TUBETES),CA - Caixa,13,Odontologia,TODOS,Consumo,Anestesia,Anestesia,4150511.jpg,,SIM
4150788,AQUECEDOR DE AGUA 220V (PROTESE),U - Unidade,14,CEO Instrumental,CEO,Instrumental,Prótese,Equipamentos de laboratório,4150788.jpg,,SIM
4150789,ARCO DE OSTBY PLASTICO,U - Unidade,14,CEO Instrumental,CEO,Instrumental,"Dentística;Endodontia",Isolamento absoluto,4150789.jpg,,SIM
4150790,ARTICULADOR CHARNEIRA,U - Unidade,14,CEO Instrumental,CEO,Instrumental,Prótese,Ajuste oclusal e protético,4150790.jpg,,SIM
4150792,AVENTAL DE CHUMBO ADULTO COM PROTETOR TIREOIDE 90X60CM,U - Unidade,14,CEO Instrumental,CEO,Instrumental,Radiologia,Radiologia,4150792.jpg,,SIM
4150128,AVENTAL DESCARTAVEL GRAMATURA 40 (PACOTE COM 10 UNIDADES) TAMANHO G,U - Unidade,13,Odontologia,TODOS,Consumo,Biossegurança,Descartáveis e barreiras,4150128.jpg,,SIM
4150129,AVENTAL DESCARTAVEL GRAMATURA 50 (PACOTE COM 10 UNIDADES) TAMANHO G,U - Unidade,15,CEO,CEO,Consumo,Biossegurança,Descartáveis e barreiras,4150129.jpg,,SIM
4150481,BANDEJA DE INOX,U - Unidade,13,Odontologia,TODOS,Consumo,Uso geral,Caixas e recipientes,4150481.jpg,,SIM
4150793,BARRA DE EIRICH 20 CM PARA AMARRIA,U - Unidade,14,CEO Instrumental,CEO,Instrumental,Cirurgia,Instrumental cirúrgico,4150793.jpg,,SIM
4150528,BARREIRA DE RESINA FOTOPOLIMERIZÁVEL,U - Unidade,15,CEO,CEO,Consumo,Dentística,Resinas restauradoras,4150528.jpg,,SIM
4150524,BENZOCAINA ANESTESICO TOPICO 200MG/G (12G),U - Unidade,13,Odontologia,TODOS,Consumo,Anestesia,Anestesia,4150524.jpg,,SIM
4150530,BICARBONATO DE SÓDIO PÓ (200g),U - Unidade,13,Odontologia,TODOS,Consumo,Prevenção,Profilaxia e flúor,4150530.jpg,,SIM
4150482,BICHO DE PELUCIA COM MACRO ARCADA SUP E INF,U - Unidade,12,Odontologia Instrumental,TODOS,Instrumental,"Prevenção;Odontopediatria",Material educativo,4150482.jpg,,SIM
4150750,BORRACHA ABRASIVA FINA PARA PEÇA DE MÃO,U - Unidade,13,Odontologia,TODOS,Consumo,Dentística,"Matrizes, tiras e acabamento",4150750.jpg,,SIM
4150751,BORRACHA ABRASIVA GROSSA PARA PEÇA DE MÃO,U - Unidade,13,Odontologia,TODOS,Consumo,Dentística,"Matrizes, tiras e acabamento",4150751.jpg,,SIM
4150752,BORRACHA ABRASIVA MÉDIA PARA PEÇA DE MÃO,U - Unidade,13,Odontologia,TODOS,Consumo,Dentística,"Matrizes, tiras e acabamento",4150752.jpg,,SIM
4150484,BORRIFADOR PLASTICO (PROTESE),U - Unidade,14,CEO Instrumental,CEO,Instrumental,Prótese,Equipamentos de laboratório,4150484.jpg,,SIM
4150753,BRANCO DE ESPANHA 1KG,U - Unidade,15,CEO,CEO,Consumo,Prótese,Polimento de prótese,4150753.jpg,,SIM
4150754,BRANCO DE ESPANHA 200G,U - Unidade,15,CEO,CEO,Consumo,Prótese,Polimento de prótese,4150754.jpg,,SIM
4150561,BROCA ALTA ROTAÇÃO CARBIDE ESF Nº 06 HL,U - Unidade,15,CEO,CEO,Consumo,Dentística,Brocas,4150561.jpg,,SIM
4150563,BROCA ALTA ROTAÇÃO CARBIDE ESF Nº 08 HL,U - Unidade,15,CEO,CEO,Consumo,Dentística,Brocas,4150563.jpg,,SIM
4150548,BROCA ALTA ROTAÇÃO CARBIDE ESFÉRICA Nº 01,U - Unidade,13,Odontologia,TODOS,Consumo,Dentística,Brocas,4150548.jpg,,SIM
4150553,BROCA ALTA ROTAÇÃO CARBIDE ESFÉRICA Nº 02,U - Unidade,13,Odontologia,TODOS,Consumo,Dentística,Brocas,4150553.jpg,,SIM
4150556,BROCA ALTA ROTAÇÃO CARBIDE ESFÉRICA Nº 04,U - Unidade,13,Odontologia,TODOS,Consumo,Dentística,Brocas,4150556.jpg,,SIM
4150559,BROCA ALTA ROTAÇÃO CARBIDE ESFÉRICA Nº 04 HL,U - Unidade,15,CEO,CEO,Consumo,Dentística,Brocas,4150559.jpg,,SIM
4150560,BROCA ALTA ROTAÇÃO CARBIDE ESFÉRICA Nº 06,U - Unidade,13,Odontologia,TODOS,Consumo,Dentística,Brocas,4150560.jpg,,SIM
4150562,BROCA ALTA ROTAÇÃO CARBIDE ESFÉRICA Nº 08,U - Unidade,13,Odontologia,TODOS,Consumo,Dentística,Brocas,4150562.jpg,,SIM
4150564,BROCA ALTA ROTAÇÃO CARBIDE ESFÉRICA Nº 1/2,U - Unidade,13,Odontologia,TODOS,Consumo,Dentística,Brocas,4150564.jpg,,SIM
4150566,BROCA ALTA ROTAÇÃO CIRURGICA Nº 701 HL,U - Unidade,15,CEO,CEO,Consumo,Cirurgia,Brocas,4150566.jpg,,SIM
4150567,BROCA ALTA ROTAÇÃO CIRURGICA Nº 702 HL,U - Unidade,15,CEO,CEO,Consumo,Cirurgia,Brocas,4150567.jpg,,SIM
4150569,BROCA ALTA ROTAÇÃO CIRURGICA ZEKRYA 23MM,U - Unidade,13,Odontologia,TODOS,Consumo,Cirurgia,Brocas,4150569.jpg,,SIM
4150577,BROCA ALTA ROTAÇÃO CIRURGICA ZEKRYA 28MM,U - Unidade,13,Odontologia,TODOS,Consumo,Cirurgia,Brocas,4150577.jpg,,SIM
4150595,BROCA ALTA ROTAÇÃO DIAMANTADA CILINDRICA Nº 1092,U - Unidade,13,Odontologia,TODOS,Consumo,Dentística,Brocas,4150595.jpg,,SIM
4151127,BROCA ALTA ROTAÇÃO DIAMANTADA 1011,U - Unidade,13,Odontologia,TODOS,Consumo,Dentística,Brocas,4151127.jpg,,SIM
4151128,BROCA ALTA ROTAÇÃO DIAMANTADA 1013,U - Unidade,13,Odontologia,TODOS,Consumo,Dentística,Brocas,4151128.jpg,,SIM
4151129,BROCA ALTA ROTAÇÃO DIAMANTADA 1032,U - Unidade,13,Odontologia,TODOS,Consumo,Dentística,Brocas,4151129.jpg,,SIM
4151130,BROCA ALTA ROTAÇÃO DIAMANTADA 1033,U - Unidade,13,Odontologia,TODOS,Consumo,Dentística,Brocas,4151130.jpg,,SIM
4151131,BROCA ALTA ROTAÇÃO DIAMANTADA 1034,U - Unidade,13,Odontologia,TODOS,Consumo,Dentística,Brocas,4151131.jpg,,SIM
4150609,BROCA ALTA ROTAÇÃO DIAMANTADA ACABAMENTO DE RESINA Nº 3195 FF,U - Unidade,13,Odontologia,TODOS,Consumo,Dentística,Brocas,4150609.jpg,,SIM
4150605,BROCA ALTA ROTAÇÃO DIAMANTADA CÔNICA Nº 3082,U - Unidade,13,Odontologia,TODOS,Consumo,Dentística,Brocas,4150605.jpg,,SIM
4150580,BROCA ALTA ROTAÇÃO DIAMANTADA ESFÉRICA Nº 1012,U - Unidade,13,Odontologia,TODOS,Consumo,Dentística,Brocas,4150580.jpg,,SIM
4151146,BROCA ALTA ROTAÇÃO DIAMANTADA ESFÉRICA Nº 1012 HL,U - Unidade,13,Odontologia,TODOS,Consumo,Dentística,Brocas,4151146.jpg,,SIM
4150583,BROCA ALTA ROTAÇÃO DIAMANTADA ESFÉRICA Nº 1014,U - Unidade,13,Odontologia,TODOS,Consumo,Dentística,Brocas,4150583.jpg,,SIM
4150587,BROCA ALTA ROTAÇÃO DIAMANTADA ESFÉRICA Nº 1016,U - Unidade,13,Odontologia,TODOS,Consumo,Dentística,Brocas,4150587.jpg,,SIM
4150590,BROCA ALTA ROTAÇÃO DIAMANTADA ESFÉRICA Nº 1016 HL,U - Unidade,15,CEO,CEO,Consumo,Dentística,Brocas,4150590.jpg,,SIM
4150597,BROCA ALTA ROTAÇÃO DIAMANTADA Nº 1111,U - Unidade,13,Odontologia,TODOS,Consumo,Dentística,Brocas,4150597.jpg,,SIM
4150599,BROCA ALTA ROTAÇÃO DIAMANTADA Nº 2130,U - Unidade,13,Odontologia,TODOS,Consumo,Dentística,Brocas,4150599.jpg,,SIM
4150602,BROCA ALTA ROTAÇÃO DIAMANTADA Nº 3069,U - Unidade,13,Odontologia,TODOS,Consumo,Dentística,Brocas,4150602.jpg,,SIM
4150607,BROCA ALTA ROTAÇÃO DIAMANTADA Nº 3195,U - Unidade,13,Odontologia,TODOS,Consumo,Dentística,Brocas,4150607.jpg,,SIM
4150606,BROCA ALTA ROTAÇÃO DIAMANTADA PARA ACABAMENTO DE RESINA Nº 3118 FF,U - Unidade,13,Odontologia,TODOS,Consumo,Dentística,Brocas,4150606.jpg,,SIM
4150613,BROCA ALTA ROTAÇÃO ENDO Z,U - Unidade,13,Odontologia,TODOS,Consumo,Endodontia,Brocas,4150613.jpg,,SIM
4150756,BROCA BAIXA ROTAÇÃO CIRUR ESFER PARA PEÇA RETA N° 04,U - Unidade,15,CEO,CEO,Consumo,Dentística,Brocas,4150756.jpg,,SIM
4150757,BROCA BAIXA ROTAÇÃO CIRUR ESFER PARA PEÇA RETA N° 06,U - Unidade,15,CEO,CEO,Consumo,Dentística,Brocas,4150757.jpg,,SIM
4150794,BROCA BAIXA ROTAÇÃO CIRUR ESFER PARA PEÇA RETA Nº 08,U - Unidade,15,CEO,CEO,Consumo,Dentística,Brocas,4150794.jpg,,SIM
4150758,BROCA BAIXA ROTAÇÃO CIRURGICA PARA PEÇA RETA 701,U - Unidade,15,CEO,CEO,Consumo,Cirurgia,Brocas,4150758.jpg,,SIM
4150759,BROCA BAIXA ROTAÇÃO CIRURGICA PARA PEÇA RETA Nº 702,U - Unidade,15,CEO,CEO,Consumo,Cirurgia,Brocas,4150759.jpg,,SIM
4150760,BROCA BAIXA ROTAÇÃO CIRURGICA PARA PEÇA RETA Nº 703,U - Unidade,15,CEO,CEO,Consumo,Cirurgia,Brocas,4150760.jpg,,SIM
4150531,BROCA BAIXA ROTAÇÃO ESFÉRICA Nº 1,U - Unidade,13,Odontologia,TODOS,Consumo,Dentística,Brocas,4150531.jpg,,SIM
4150771,BROCA BAIXA ROTAÇÃO ESFERICA Nº 1 PARA PECA DE MAO,U - Unidade,13,Odontologia,TODOS,Consumo,Dentística,Brocas,4150771.jpg,,SIM
4150533,BROCA BAIXA ROTAÇÃO ESFÉRICA Nº 2,U - Unidade,13,Odontologia,TODOS,Consumo,Dentística,Brocas,4150533.jpg,,SIM
4150534,BROCA BAIXA ROTAÇÃO ESFÉRICA Nº 2 HL (HASTE LONGA),U - Unidade,15,CEO,CEO,Consumo,Dentística,Brocas,4150534.jpg,,SIM
4150535,BROCA BAIXA ROTAÇÃO ESFÉRICA Nº 4,U - Unidade,13,Odontologia,TODOS,Consumo,Dentística,Brocas,4150535.jpg,,SIM
4150541,BROCA BAIXA ROTAÇÃO ESFÉRICA Nº 4 HL,U - Unidade,13,Odontologia,TODOS,Consumo,Dentística,Brocas,4150541.jpg,,SIM
4150543,BROCA BAIXA ROTAÇÃO ESFÉRICA Nº 6,U - Unidade,13,Odontologia,TODOS,Consumo,Dentística,Brocas,4150543.jpg,,SIM
4150545,BROCA BAIXA ROTAÇÃO ESFÉRICA Nº 6 HL,U - Unidade,15,CEO,CEO,Consumo,Dentística,Brocas,4150545.jpg,,SIM
4151136,BROCA BAIXA ROTAÇÃO ESFÉRICA Nº 8,U - Unidade,13,Odontologia,TODOS,Consumo,Dentística,Brocas,4151136.jpg,,SIM
4150761,BROCA BAIXA ROTAÇÃO GATES Nº 3 HL PARA ENDO,U - Unidade,15,CEO,CEO,Consumo,Endodontia,Brocas,4150761.jpg,,SIM
4150762,BROCA BAIXA ROTAÇÃO GATES Nº 3 PARA ENDO,U - Unidade,15,CEO,CEO,Consumo,Endodontia,Brocas,4150762.jpg,,SIM
4150763,BROCA BAIXA ROTAÇÃO GATES Nº 4 HL PARA ENDO,U - Unidade,15,CEO,CEO,Consumo,Endodontia,Brocas,4150763.jpg,,SIM
4150764,BROCA BAIXA ROTAÇÃO GATES Nº 4 PARA ENDO,U - Unidade,15,CEO,CEO,Consumo,Endodontia,Brocas,4150764.jpg,,SIM
4150765,BROCA BAIXA ROTAÇÃO GATES Nº 5 HL PARA ENDO,U - Unidade,15,CEO,CEO,Consumo,Endodontia,Brocas,4150765.jpg,,SIM
4150768,BROCA BAIXA ROTAÇÃO LARGO Nº 3 PARA ENDO,U - Unidade,15,CEO,CEO,Consumo,Endodontia,Brocas,4150768.jpg,,SIM
4150769,BROCA BAIXA ROTAÇÃO LARGO Nº 4 PARA ENDO,U - Unidade,15,CEO,CEO,Consumo,Endodontia,Brocas,4150769.jpg,,SIM
4150770,BROCA BAIXA ROTAÇÃO LENTULO (CAIXA COM 4),CA - Caixa,15,CEO,CEO,Consumo,Endodontia,Brocas,4150770.jpg,,SIM
4150772,BROCA BAIXA ROTAÇÃO/PM TUNGSTENIO FORMA DE CHAMA PARA PEÇA RETA,U - Unidade,15,CEO,CEO,Consumo,Dentística,Brocas,4150772.jpg,,SIM
4150766,BROCA BR LARGO Nº 1 PARA ENDO,U - Unidade,15,CEO,CEO,Consumo,Endodontia,Brocas,4150766.jpg,,SIM
4150767,BROCA BR LARGO Nº 2 PARA ENDO,U - Unidade,15,CEO,CEO,Consumo,Endodontia,Brocas,4150767.jpg,,SIM
4150773,BROCA CARBIDE Nº 8 PARA PEÇA RETA,U - Unidade,13,Odontologia,TODOS,Consumo,Dentística,Brocas,4150773.jpg,,SIM
4150565,BROCA TRANSMETAL CILÍNDRICA Nº 12,U - Unidade,13,Odontologia,TODOS,Consumo,Dentística,Brocas,4150565.jpg,,SIM
4150486,CABO PARA BISTURI Nº 3 (ODONTO),U - Unidade,12,Odontologia Instrumental,TODOS,Instrumental,Cirurgia,Instrumental cirúrgico,4150486.jpg,,SIM
4150487,CABO PARA ESPELHO BUCAL,U - Unidade,12,Odontologia Instrumental,TODOS,Instrumental,Diagnóstico,Exame clínico,4150487.jpg,,SIM
4150489,CALCADOR PARA DYCAL Nº 10/20,U - Unidade,12,Odontologia Instrumental,TODOS,Instrumental,Dentística,Instrumental de inserção,4150489.jpg,,SIM
4150795,"CALCADORES DE PAIVA 1, 2, 3, 4",U - Unidade,14,CEO Instrumental,CEO,Instrumental,Dentística,Instrumental de inserção,4150795.jpg,,SIM
4151158,CAMPO CIRURG DESC TNT 50 X 50 CM (EMBALAGEM COM 50 UNIDADES),U - Unidade,13,Odontologia,TODOS,Consumo,Biossegurança,Descartáveis e barreiras,4151158.jpg,,SIM
4150775,CAMPO CIRURGICO DESCARTAVEL TNT 60x90 CM,U - Unidade,15,CEO,CEO,Consumo,Biossegurança,Descartáveis e barreiras,4150775.jpg,,SIM
4151150,CANETA DE ALTA ROTACAO EXTRA TORQUE,U - Unidade,13,Odontologia,TODOS,Consumo,Uso geral,Equipamentos e acessórios,4151150.jpg,,SIM
4150776,CARBONO LIQUIDO PARA AJUSTE PROTETICO,U - Unidade,15,CEO,CEO,Consumo,Prótese,Ajuste oclusal e protético,4150776.jpg,,SIM
4150615,CARIOSTÁTICO 12% 10 ML,U - Unidade,13,Odontologia,TODOS,Consumo,"Odontopediatria;Prevenção",Selantes e cariostático,4150615.jpg,,SIM
4151169,"CARTELA PARA RX 01 FURO 11,5X8CM COM 100UN",U - Unidade,15,CEO,CEO,Consumo,Radiologia,Radiologia,4151169.jpg,,SIM
4151168,"CARTELA PARA RX 02 FUROS 11,5X8CM COM 100UN",U - Unidade,15,CEO,CEO,Consumo,Radiologia,Radiologia,4151168.jpg,,SIM
4151167,CARTELA PLASTICA DE RX PERIAPICAL PARA 2 FILMES (PACOTE COM 10),U - Unidade,15,CEO,CEO,Consumo,Radiologia,Radiologia,4151167.jpg,,SIM
4151166,CARTELA PLASTICA PARA FILME OCLUSAL (RX) (PACOTE COM 10),U - Unidade,15,CEO,CEO,Consumo,Radiologia,Radiologia,4151166.jpg,,SIM
4150491,CHAVE PARA INSERTO DE ULTRASSOM/CHAVE TORQUE UNIVERSAL,U - Unidade,12,Odontologia Instrumental,TODOS,Instrumental,Periodontia,Insertos de ultrassom,4150491.jpg,,SIM
4151175,CIMENTO ENDODONTICO PARA OBTURAÇÃO CANAL (KIT),KI - Kit,15,CEO,CEO,Consumo,Endodontia,Cimentos,4151175.jpg,,SIM
4151176,CIMENTO EUGENOL LÍQUIDO RESTAURADOR PROVISÓRIO,U - Unidade,15,CEO,CEO,Consumo,"Endodontia;Dentística",Restauradores provisórios,4151176.jpg,,SIM
4150621,CIMENTO FOSFATO DE ZINCO PÓ/ LÍQUIDO (KIT),KI - Kit,13,Odontologia,TODOS,Consumo,Dentística,Cimentos,4150621.jpg,,SIM
4150622,CIMENTO HIDROXIDO DE CALCIO RADIOPACO (KIT),KI - Kit,13,Odontologia,TODOS,Consumo,Dentística,Cimentos,4150622.jpg,,SIM
4150619,CIMENTO IRM (KIT),KI - Kit,13,Odontologia,TODOS,Consumo,Dentística,Cimentos,4150619.jpg,,SIM
4150796,CINZEL DE RHODES 36-37,U - Unidade,14,CEO Instrumental,CEO,Instrumental,Periodontia,Curetas e raspadores,4150796.jpg,,SIM
4150797,CINZEL DE WELDELSTEAD Nº 2-3,U - Unidade,14,CEO Instrumental,CEO,Instrumental,Periodontia,Curetas e raspadores,4150797.jpg,,SIM
4150798,CINZEL PARA MICRO CIRURGIA,U - Unidade,14,CEO Instrumental,CEO,Instrumental,Cirurgia,Instrumental cirúrgico,4150798.jpg,,SIM
4150625,COLÁGENO HEMOSTÁTICO FIBRINA,U - Unidade,13,Odontologia,TODOS,Consumo,Cirurgia,Insumos cirúrgicos,4150625.jpg,,SIM
4150799,COMPASSO DE WILLIS,U - Unidade,14,CEO Instrumental,CEO,Instrumental,Prótese,Ajuste oclusal e protético,4150799.jpg,,SIM
4151180,CONDUTOR PARA FIO DENTAL TIPO PASSA FIO,U - Unidade,13,Odontologia,TODOS,Consumo,Prevenção,Higiene bucal,4151180.jpg,,SIM
4151182,CONE DE GUTA PERCHA (L) LARGE RECIPROCANTE,U - Unidade,15,CEO,CEO,Consumo,Endodontia,Cones e pontas de papel,4151182.jpg,,SIM
4151183,CONE DE GUTA PERCHA (S) SMALL RECIPROCANTE,U - Unidade,15,CEO,CEO,Consumo,Endodontia,Cones e pontas de papel,4151183.jpg,,SIM
4151177,CONE DE GUTA PERCHA PRIMARY RECIPROCANTE,U - Unidade,15,CEO,CEO,Consumo,Endodontia,Cones e pontas de papel,4151177.jpg,,SIM
4151184,CONES DE GUTA PERCHA RECIPROCANTE MEDIUM,U - Unidade,15,CEO,CEO,Consumo,Endodontia,Cones e pontas de papel,4151184.jpg,,SIM
4150800,CONFORMADOR DE CERA EM METAL,U - Unidade,14,CEO Instrumental,CEO,Instrumental,Prótese,Escultura em cera,4150800.jpg,,SIM
4150801,CONJUNTO DE ASPIRACAO (ENDO),U - Unidade,14,CEO Instrumental,CEO,Instrumental,Endodontia,Irrigação e aspiração,4150801.jpg,,NAO
4150626,CREME DENTAL COM FLUOR (1500 PPM) 50G,U - Unidade,13,Odontologia,TODOS,Consumo,Prevenção,Higiene bucal,4150626.jpg,,SIM
4150494,CUBA INOX COM TAMPA PEQUENA,U - Unidade,12,Odontologia Instrumental,TODOS,Instrumental,Uso geral,Caixas e recipientes,4150494.jpg,,SIM
4150601,CUBA REDONDA INOX,U - Unidade,12,Odontologia Instrumental,TODOS,Instrumental,Uso geral,Caixas e recipientes,4150601.jpg,,SIM
4150629,CUNHA DE MADEIRA SORTIDA (PACOTE COM 100 UNIDADES),U - Unidade,13,Odontologia,TODOS,Consumo,Dentística,"Matrizes, tiras e acabamento",4150629.jpg,,SIM
4150802,CURETA CANE KAPLAN Nº 6,U - Unidade,14,CEO Instrumental,CEO,Instrumental,Periodontia,Curetas e raspadores,4150802.jpg,,SIM
4150495,CURETA CIRURGICA LUCAS Nº 86,U - Unidade,12,Odontologia Instrumental,TODOS,Instrumental,Cirurgia,Curetas e raspadores,4150495.jpg,,SIM
4150803,CURETA CIRURGICA LUCAS Nº85,U - Unidade,14,CEO Instrumental,CEO,Instrumental,Cirurgia,Curetas e raspadores,4150803.jpg,,SIM
4150503,CURETA DUPLA HL 11/12,U - Unidade,12,Odontologia Instrumental,TODOS,Instrumental,Dentística,Curetas e raspadores,4150503.jpg,,SIM
4150504,CURETA DUPLA HL 13/14,U - Unidade,12,Odontologia Instrumental,TODOS,Instrumental,Dentística,Curetas e raspadores,4150504.jpg,,SIM
4150505,CURETA DUPLA HL 17/18,U - Unidade,12,Odontologia Instrumental,TODOS,Instrumental,Dentística,Curetas e raspadores,4150505.jpg,,SIM
4150804,CURETA GOLDMAN FOX Nº 2,U - Unidade,14,CEO Instrumental,CEO,Instrumental,Periodontia,Curetas e raspadores,4150804.jpg,,SIM
4150496,CURETA GRACEY 11/12,U - Unidade,12,Odontologia Instrumental,TODOS,Instrumental,Periodontia,Curetas e raspadores,4150496.jpg,,SIM
4150497,CURETA GRACEY 13/14,U - Unidade,12,Odontologia Instrumental,TODOS,Instrumental,Periodontia,Curetas e raspadores,4150497.jpg,,SIM
4150499,CURETA GRACEY 5/6,U - Unidade,12,Odontologia Instrumental,TODOS,Instrumental,Periodontia,Curetas e raspadores,4150499.jpg,,SIM
4150501,CURETA GRACEY 7/8,U - Unidade,12,Odontologia Instrumental,TODOS,Instrumental,Periodontia,Curetas e raspadores,4150501.jpg,,SIM
4150506,CURETA PARA DENTINA Nº 11 1/2,U - Unidade,12,Odontologia Instrumental,TODOS,Instrumental,Dentística,Curetas e raspadores,4150506.jpg,,SIM
4150507,CURETA PARA DENTINA Nº 18,U - Unidade,12,Odontologia Instrumental,TODOS,Instrumental,Dentística,Curetas e raspadores,4150507.jpg,,SIM
4150509,CURETA PARA DENTINA Nº 5,U - Unidade,12,Odontologia Instrumental,TODOS,Instrumental,Dentística,Curetas e raspadores,4150509.jpg,,SIM
4150631,DEDEIRA - ESCOVA DENTAL ESPECIAL PARA BEBE,U - Unidade,13,Odontologia,TODOS,Consumo,"Prevenção;Odontopediatria",Material educativo,4150631.jpg,,SIM
4150805,DESTACA PERIOSTEO DE MOLT,U - Unidade,14,CEO Instrumental,CEO,Instrumental,Cirurgia,Instrumental cirúrgico,4150805.jpg,,SIM
4150778,DISCO DE FELTRO PARA CONTRA ÂNGULO,U - Unidade,15,CEO,CEO,Consumo,Prótese,Polimento de prótese,4150778.jpg,,SIM
4151174,EDTA SOLUÇÃO QUELANTE 17% AQUOSA (20ML),U - Unidade,15,CEO,CEO,Consumo,Endodontia,Soluções e medicamentos,4151174.jpg,,SIM
4151173,EDTA SOLUÇÃO QUELANTE 24% GEL (2 SERINGAS),SER - Seringa,15,CEO,CEO,Consumo,Endodontia,Soluções e medicamentos,4151173.jpg,,SIM
4150633,ESCOVA DENTAL PLASTICA ADULTO,U - Unidade,13,Odontologia,TODOS,Consumo,Prevenção,Higiene bucal,4150633.jpg,,SIM
4150635,ESCOVA DENTAL PLASTICA INFANTIL,U - Unidade,13,Odontologia,TODOS,Consumo,Prevenção,Higiene bucal,4150635.jpg,,SIM
4150641,ESCOVA DENTAL PLASTICA PARA BEBE,U - Unidade,13,Odontologia,TODOS,Consumo,Prevenção,Higiene bucal,4150641.jpg,,SIM
4151126,ESCOVA PARA CONTRA ANGULO (ROBINSON),U - Unidade,13,Odontologia,TODOS,Consumo,Prevenção,Profilaxia e flúor,4151126.jpg,,SIM
4150643,ESCOVA PARA PROTESE DENTAL BITUFO,U - Unidade,15,CEO,CEO,Consumo,Prótese,Polimento de prótese,4150643.jpg,,SIM
4150806,ESPATULA DE FREER,U - Unidade,14,CEO Instrumental,CEO,Instrumental,Prótese,Escultura em cera,4150806.jpg,,SIM
4150512,ESPATULA DE INSERCAO DE MATERIAL Nº 1,U - Unidade,12,Odontologia Instrumental,TODOS,Instrumental,Dentística,Instrumental de inserção,4150512.jpg,,SIM
4150807,ESPATULA DUPLA DE CERA Nº 31,U - Unidade,14,CEO Instrumental,CEO,Instrumental,Prótese,Escultura em cera,4150807.jpg,,SIM
4150808,ESPATULA DUPLA DE CERA Nº 7,U - Unidade,14,CEO Instrumental,CEO,Instrumental,Prótese,Escultura em cera,4150808.jpg,,SIM
4150514,ESPATULA DUPLA Nº 50,U - Unidade,14,CEO Instrumental,CEO,Instrumental,Prótese,Escultura em cera,4150514.jpg,,SIM
4150809,ESPATULA LE CRON Nº 5,U - Unidade,14,CEO Instrumental,CEO,Instrumental,Prótese,Escultura em cera,4150809.jpg,,SIM
4150517,ESPATULA Nº 2 DE TITÂNIO PARA INSERÇÃO DE RESINA FOTO,U - Unidade,12,Odontologia Instrumental,TODOS,Instrumental,Dentística,Instrumental de inserção,4150517.jpg,,SIM
4150518,ESPATULA Nº 4 DE TITÂNIO PARA INSERÇÃO DE RESINA FOTO,U - Unidade,12,Odontologia Instrumental,TODOS,Instrumental,Dentística,Instrumental de inserção,4150518.jpg,,SIM
4150516,ESPATULA PARA INSERÇÃO DE RESINA FOTOPOLIMERIZAVEL Nº 1,U - Unidade,12,Odontologia Instrumental,TODOS,Instrumental,Dentística,Resinas restauradoras,4150516.jpg,,SIM
4150515,ESPATULA PARA INSERCAO DE MATERIAL Nº 3,U - Unidade,12,Odontologia Instrumental,TODOS,Instrumental,Dentística,Instrumental de inserção,4150515.jpg,,SIM
4150810,ESPATULA PLASTICA PARA MANIPULAÇÃO DE GESSO/ALGINATO (PROTESE),U - Unidade,14,CEO Instrumental,CEO,Instrumental,Prótese,Materiais de moldagem,4150810.jpg,,SIM
4150811,ESPATULA SIMPLES PARA CERA Nº36,U - Unidade,14,CEO Instrumental,CEO,Instrumental,Prótese,Escultura em cera,4150811.jpg,,SIM
4150519,ESPELHO BUCAL 1º PLANO Nº 5,U - Unidade,12,Odontologia Instrumental,TODOS,Instrumental,Diagnóstico,Exame clínico,4150519.jpg,,SIM
4150976,ESPELHO DE MÃO,U - Unidade,12,Odontologia Instrumental,TODOS,Instrumental,"Diagnóstico;Uso geral",Exame clínico,4150976.jpg,,SIM
4150520,ESPELHO BUCAL Nº 5,U - Unidade,12,Odontologia Instrumental,TODOS,Instrumental,Diagnóstico,Exame clínico,4150520.jpg,,SIM
4150812,ESTOJO INOX PARA ENDO 12X5CM,U - Unidade,14,CEO Instrumental,CEO,Instrumental,Endodontia,Caixas e recipientes,4150812.jpg,,SIM
4151179,ESTOJO PARA KIT DE HIGIENE DENTAL,EST - Estojo,13,Odontologia,TODOS,Consumo,Prevenção,Higiene bucal,4151179.jpg,,SIM
4150521,ESTOJO PERFURADO EM INOX 20 X 10 X 05 CM PARA AUTOCLAVE,U - Unidade,14,CEO Instrumental,CEO,Instrumental,Biossegurança,Descartáveis e barreiras,4150521.jpg,,SIM
4151132,EXTIRPA NERVO AMARELO 21MM,U - Unidade,13,Odontologia,TODOS,Consumo,Endodontia,Limas de canal,4151132.jpg,,SIM
4151133,EXTIRPA NERVO BRANCO 21MM,U - Unidade,13,Odontologia,TODOS,Consumo,Endodontia,Limas de canal,4151133.jpg,,SIM
4150813,CURETEA PERIODONTAL MC CALL 17/18 HF,U - Unidade,14,CEO Instrumental,CEO,Instrumental,Periodontia,Curetas e raspadores,4150813.jpg,,SIM
4150814,FACILITADOR DE GODOY ADULTO/INFANTIL (KIT),U - Unidade,14,CEO Instrumental,CEO,Instrumental,Odontopediatria,Auxiliares de abertura,4150814.jpg,,SIM
4150646,FILME PVC ROLO COM 30M,U - Unidade,13,Odontologia,TODOS,Consumo,Biossegurança,Descartáveis e barreiras,4150646.jpg,,SIM
4150815,FIO DE ACO CIRURGICO Nº 0 PARA AMARRIA,U - Unidade,14,CEO Instrumental,CEO,Instrumental,Cirurgia,Instrumental cirúrgico,4150815.jpg,,SIM
4150649,FIO DE NYLON PARA CONTENÇÃO DENTAL,U - Unidade,13,Odontologia,TODOS,Consumo,Uso geral,Insumos diversos,4150649.jpg,,SIM
4150653,FIO DE SEDA TRANCADO Nº3-0 AGULHADO,U - Unidade,13,Odontologia,TODOS,Consumo,Cirurgia,Fios de sutura,4150653.jpg,,SIM
4151160,"FIO DE SUTURA POLIGLACTINA COM AGULHA TRIFACETADA 3-0 / 1,9CM / 45CM",U - Unidade,15,CEO,CEO,Consumo,Cirurgia,Fios de sutura,4151160.jpg,,SIM
4151161,"FIO DE SUTURA POLIGLACTINA COM AGULHA TRIFACETADA 3-0 / 1,9CM / 70CM",U - Unidade,15,CEO,CEO,Consumo,Cirurgia,Fios de sutura,4151161.jpg,,SIM
4151162,"FIO DE SUTURA POLIGLACTINA COM AGULHA TRIFACETADA 3-0 / 2,2CM / 70CM",U - Unidade,15,CEO,CEO,Consumo,Cirurgia,Fios de sutura,4151162.jpg,,SIM
4151163,"FIO DE SUTURA POLIGLACTINA COM AGULHA TRIFACETADA 4-0 / 1,6CM / 45CM",U - Unidade,15,CEO,CEO,Consumo,Cirurgia,Fios de sutura,4151163.jpg,,SIM
4151164,"FIO DE SUTURA POLIGLACTINA COM AGULHA TRIFACETADA 5-0 / 1,6CM / 45CM",U - Unidade,15,CEO,CEO,Consumo,Cirurgia,Fios de sutura,4151164.jpg,,SIM
4151165,"FIO DE SUTURA POLIGLACTINA COM AGULHA TRIFACETADA 6-0 / 1,6CM / 45CM",U - Unidade,15,CEO,CEO,Consumo,Cirurgia,Fios de sutura,4151165.jpg,,SIM
4151170,FIO DE SUTURA SEDA 4-0 AGULHADO 1/2 CIRC TRIANGULAR - 45CM,U - Unidade,13,Odontologia,TODOS,Consumo,Cirurgia,Fios de sutura,4151170.jpg,,SIM
4150655,FIO DE SUTURA SEDA Nº 4 - 0,U - Unidade,13,Odontologia,TODOS,Consumo,Cirurgia,Fios de sutura,4150655.jpg,,NAO
4150658,FIO DENTAL 50MT UNIDADE,U - Unidade,13,Odontologia,TODOS,Consumo,Prevenção,Higiene bucal,4150658.jpg,,SIM
4150661,FLUOR GEL ACIDO APLICACAO TOPICA 1 MINUTO 200ML,U - Unidade,13,Odontologia,TODOS,Consumo,Prevenção,Profilaxia e flúor,4150661.jpg,,SIM
4150663,FLUOR GEL NEUTRO APLICACAO TOPICA 1 MINUTO 200ML,U - Unidade,13,Odontologia,TODOS,Consumo,Prevenção,Profilaxia e flúor,4150663.jpg,,SIM
4150547,FORCEPS INFANTIL Nº 1,U - Unidade,12,Odontologia Instrumental,TODOS,Instrumental,"Cirurgia;Odontopediatria",Fórceps,4150547.jpg,,SIM
4150549,FORCEPS INFANTIL Nº 18 D,U - Unidade,12,Odontologia Instrumental,TODOS,Instrumental,"Cirurgia;Odontopediatria",Fórceps,4150549.jpg,,SIM
4150550,FORCEPS INFANTIL Nº 18 L,U - Unidade,12,Odontologia Instrumental,TODOS,Instrumental,"Cirurgia;Odontopediatria",Fórceps,4150550.jpg,,SIM
4150551,FORCEPS INFANTIL Nº 18 R,U - Unidade,12,Odontologia Instrumental,TODOS,Instrumental,"Cirurgia;Odontopediatria",Fórceps,4150551.jpg,,SIM
4150552,FORCEPS INFANTIL Nº 3,U - Unidade,12,Odontologia Instrumental,TODOS,Instrumental,"Cirurgia;Odontopediatria",Fórceps,4150552.jpg,,SIM
4150554,FORCEPS INFANTIL Nº 44,U - Unidade,12,Odontologia Instrumental,TODOS,Instrumental,"Cirurgia;Odontopediatria",Fórceps,4150554.jpg,,SIM
4150555,FORCEPS INFANTIL Nº 5,U - Unidade,12,Odontologia Instrumental,TODOS,Instrumental,"Cirurgia;Odontopediatria",Fórceps,4150555.jpg,,SIM
4150557,FORCEPS INFANTIL Nº 6,U - Unidade,12,Odontologia Instrumental,TODOS,Instrumental,"Cirurgia;Odontopediatria",Fórceps,4150557.jpg,,SIM
4150558,FORCEPS INFANTIL Nº 68,U - Unidade,12,Odontologia Instrumental,TODOS,Instrumental,"Cirurgia;Odontopediatria",Fórceps,4150558.jpg,,SIM
4150568,FÓRCEPS INFANTIL Nº 69,U - Unidade,12,Odontologia Instrumental,TODOS,Instrumental,"Cirurgia;Odontopediatria",Fórceps,4150568.jpg,,SIM
4150522,FORCEPS ODONTOLOGICO ADULTO Nº 1,U - Unidade,12,Odontologia Instrumental,TODOS,Instrumental,Cirurgia,Fórceps,4150522.jpg,,SIM
4150523,FORCEPS ODONTOLOGICO ADULTO Nº 101,U - Unidade,12,Odontologia Instrumental,TODOS,Instrumental,Cirurgia,Fórceps,4150523.jpg,,SIM
4150525,FORCEPS ODONTOLOGICO ADULTO Nº 121,U - Unidade,12,Odontologia Instrumental,TODOS,Instrumental,Cirurgia,Fórceps,4150525.jpg,,SIM
4150526,FORCEPS ODONTOLOGICO ADULTO Nº 150,U - Unidade,12,Odontologia Instrumental,TODOS,Instrumental,Cirurgia,Fórceps,4150526.jpg,,SIM
4150527,FORCEPS ODONTOLOGICO ADULTO Nº 151,U - Unidade,12,Odontologia Instrumental,TODOS,Instrumental,Cirurgia,Fórceps,4150527.jpg,,SIM
4150529,FORCEPS ODONTOLOGICO ADULTO Nº 16,U - Unidade,12,Odontologia Instrumental,TODOS,Instrumental,Cirurgia,Fórceps,4150529.jpg,,SIM
4150536,FORCEPS ODONTOLOGICO ADULTO Nº 17,U - Unidade,12,Odontologia Instrumental,TODOS,Instrumental,Cirurgia,Fórceps,4150536.jpg,,SIM
4150537,FORCEPS ODONTOLOGICO ADULTO Nº 18 L,U - Unidade,12,Odontologia Instrumental,TODOS,Instrumental,Cirurgia,Fórceps,4150537.jpg,,SIM
4150538,FORCEPS ODONTOLOGICO ADULTO Nº 18 R,U - Unidade,12,Odontologia Instrumental,TODOS,Instrumental,Cirurgia,Fórceps,4150538.jpg,,SIM
4150539,FORCEPS ODONTOLOGICO ADULTO Nº 203,U - Unidade,12,Odontologia Instrumental,TODOS,Instrumental,Cirurgia,Fórceps,4150539.jpg,,SIM
4150540,FORCEPS ODONTOLOGICO ADULTO Nº 213,U - Unidade,12,Odontologia Instrumental,TODOS,Instrumental,Cirurgia,Fórceps,4150540.jpg,,SIM
4150542,FORCEPS ODONTOLOGICO ADULTO Nº 65,U - Unidade,12,Odontologia Instrumental,TODOS,Instrumental,Cirurgia,Fórceps,4150542.jpg,,SIM
4150544,FORCEPS ODONTOLOGICO ADULTO Nº 68,U - Unidade,12,Odontologia Instrumental,TODOS,Instrumental,Cirurgia,Fórceps,4150544.jpg,,SIM
4150546,FORCEPS ODONTOLOGICO ADULTO Nº 69,U - Unidade,12,Odontologia Instrumental,TODOS,Instrumental,Cirurgia,Fórceps,4150546.jpg,,SIM
4150666,FORMOCRESOL 10 ML LÍQUIDO,U - Unidade,13,Odontologia,TODOS,Consumo,Endodontia,Soluções e medicamentos,4150666.jpg,,SIM
4150668,GEL DENTAL COM FLUOR (1000 PPM) 50G,U - Unidade,13,Odontologia,TODOS,Consumo,Prevenção,Higiene bucal,4150668.jpg,,SIM
4150816,GENGIVOTOMO DE ORBAN,U - Unidade,14,CEO Instrumental,CEO,Instrumental,Periodontia,Curetas e raspadores,4150816.jpg,,SIM
4150817,GENGIVOTOMO KIRKLAND,U - Unidade,14,CEO Instrumental,CEO,Instrumental,Periodontia,Curetas e raspadores,4150817.jpg,,SIM
4151178,GODIVA DE BAIXA FUSAO (CX/ 15 BASTOES),U - Unidade,15,CEO,CEO,Consumo,Prótese,Escultura em cera,4151178.jpg,,SIM
4150818,GRAL PARA GESSO E ALGINATO,U - Unidade,14,CEO Instrumental,CEO,Instrumental,Prótese,Materiais de moldagem,4150818.jpg,,SIM
4150570,GRAMPO PARA ISOLAMENTO COM DIQUE Nº 00,U - Unidade,12,Odontologia Instrumental,TODOS,Instrumental,"Dentística;Endodontia",Isolamento absoluto,4150570.jpg,,SIM
4150575,GRAMPO PARA ISOLAMENTO COM DIQUE Nº 1 A,U - Unidade,12,Odontologia Instrumental,TODOS,Instrumental,"Dentística;Endodontia",Isolamento absoluto,4150575.jpg,,SIM
4150572,GRAMPO PARA ISOLAMENTO COM DIQUE Nº 12 A,U - Unidade,12,Odontologia Instrumental,TODOS,Instrumental,"Dentística;Endodontia",Isolamento absoluto,4150572.jpg,,SIM
4150573,GRAMPO PARA ISOLAMENTO COM DIQUE Nº 14,U - Unidade,12,Odontologia Instrumental,TODOS,Instrumental,"Dentística;Endodontia",Isolamento absoluto,4150573.jpg,,SIM
4150574,GRAMPO PARA ISOLAMENTO COM DIQUE Nº 14 A,U - Unidade,12,Odontologia Instrumental,TODOS,Instrumental,"Dentística;Endodontia",Isolamento absoluto,4150574.jpg,,SIM
4150578,GRAMPO PARA ISOLAMENTO COM DIQUE Nº 201,U - Unidade,12,Odontologia Instrumental,TODOS,Instrumental,"Dentística;Endodontia",Isolamento absoluto,4150578.jpg,,SIM
4150579,GRAMPO PARA ISOLAMENTO COM DIQUE Nº 203,U - Unidade,12,Odontologia Instrumental,TODOS,Instrumental,"Dentística;Endodontia",Isolamento absoluto,4150579.jpg,,SIM
4150581,GRAMPO PARA ISOLAMENTO COM DIQUE Nº 204,U - Unidade,12,Odontologia Instrumental,TODOS,Instrumental,"Dentística;Endodontia",Isolamento absoluto,4150581.jpg,,SIM
4150582,GRAMPO PARA ISOLAMENTO COM DIQUE Nº 205,U - Unidade,12,Odontologia Instrumental,TODOS,Instrumental,"Dentística;Endodontia",Isolamento absoluto,4150582.jpg,,SIM
4150584,GRAMPO PARA ISOLAMENTO COM DIQUE Nº 207,U - Unidade,12,Odontologia Instrumental,TODOS,Instrumental,"Dentística;Endodontia",Isolamento absoluto,4150584.jpg,,SIM
4150585,GRAMPO PARA ISOLAMENTO COM DIQUE Nº 208,U - Unidade,12,Odontologia Instrumental,TODOS,Instrumental,"Dentística;Endodontia",Isolamento absoluto,4150585.jpg,,SIM
4150586,GRAMPO PARA ISOLAMENTO COM DIQUE Nº 209,U - Unidade,12,Odontologia Instrumental,TODOS,Instrumental,"Dentística;Endodontia",Isolamento absoluto,4150586.jpg,,SIM
4150588,GRAMPO PARA ISOLAMENTO COM DIQUE Nº 211,U - Unidade,12,Odontologia Instrumental,TODOS,Instrumental,"Dentística;Endodontia",Isolamento absoluto,4150588.jpg,,SIM
4150589,GRAMPO PARA ISOLAMENTO COM DIQUE Nº 212,U - Unidade,12,Odontologia Instrumental,TODOS,Instrumental,"Dentística;Endodontia",Isolamento absoluto,4150589.jpg,,SIM
4150591,GRAMPO PARA ISOLAMENTO COM DIQUE Nº 214,U - Unidade,12,Odontologia Instrumental,TODOS,Instrumental,"Dentística;Endodontia",Isolamento absoluto,4150591.jpg,,SIM
4150594,GRAMPO PARA ISOLAMENTO COM DIQUE Nº 27,U - Unidade,12,Odontologia Instrumental,TODOS,Instrumental,"Dentística;Endodontia",Isolamento absoluto,4150594.jpg,,SIM
4150596,GRAMPO PARA ISOLAMENTO COM DIQUE Nº W8A,U - Unidade,12,Odontologia Instrumental,TODOS,Instrumental,"Dentística;Endodontia",Isolamento absoluto,4150596.jpg,,SIM
4150576,GRAMPO PARA ISOLAMENTO COM DIQUE Nº200,U - Unidade,12,Odontologia Instrumental,TODOS,Instrumental,"Dentística;Endodontia",Isolamento absoluto,4150576.jpg,,SIM
4150592,GRAMPO PARA ISOLAMENTO COM DIQUE Nº 26,U - Unidade,12,Odontologia Instrumental,TODOS,Instrumental,"Dentística;Endodontia",Isolamento absoluto,4150592.jpg,,SIM
4150593,GRAMPO PARA ISOLAMENTO COM DIQUE Nº 26 A,U - Unidade,12,Odontologia Instrumental,TODOS,Instrumental,"Dentística;Endodontia",Isolamento absoluto,4150593.jpg,,SIM
4150670,"GUARDANAPO DE PAPEL 32 x 32,5 CM (50 UN)",U - Unidade,13,Odontologia,TODOS,Consumo,Biossegurança,Descartáveis e barreiras,4150670.jpg,,SIM
4150671,HEMOSTATICO LIQUIDO 10ML,U - Unidade,13,Odontologia,TODOS,Consumo,Cirurgia,Insumos cirúrgicos,4150671.jpg,,SIM
4150675,HIDROXIDO CALCIO PO 10G,U - Unidade,13,Odontologia,TODOS,Consumo,Endodontia,Soluções e medicamentos,4150675.jpg,,SIM
4150510,HOLEMBACK Nº 3S,U - Unidade,12,Odontologia Instrumental,TODOS,Instrumental,Dentística,Instrumental de inserção,4150510.jpg,,SIM
4150819,INSERTO PARA APARELHO JET SONIC DA GNATUS,U - Unidade,14,CEO Instrumental,CEO,Instrumental,Periodontia,Insertos de ultrassom,4150819.jpg,,SIM
4150614,"INSERTO PARA APARELHO JET LAXIS SONIC T1, T2 E T3",U - Unidade,12,Odontologia Instrumental,TODOS,Instrumental,Periodontia,Insertos de ultrassom,4150614.jpg,"Pontas para Ultrassom compatíveis com a marca Schuster modelos Sonic Evo LED, Jetlax Sonic BP II LED, Jetlax Sonic LED e Soniclax BP LED. T1-S: Remoção de tártaro supragengival em toda a superfície do dente e na região interdental. T2-S: Remoção de tártaro supragengival, subgengival e região interdental. T3-S: Remoção de tártaro pesado e supragengival",SIM
4150624,INSERTO PARA APARELHO DE ULTRASSOM ORTUS G1,U - Unidade,12,Odontologia Instrumental,TODOS,Instrumental,Periodontia,Insertos de ultrassom,4150624.jpg,Ponta para Ultrassom compatível com a marca Ortus modelo Bioscaler.,SIM
4150620,"INSERTO PARA APARELHO DE ULTRASSOM ORTUS G1,G2,G4 (KIT)",KI - Kit,12,Odontologia Instrumental,TODOS,Instrumental,Periodontia,Insertos de ultrassom,4150620.jpg,Pontas para Ultrassom compatíveis com a marca Ortus modelo Bioscaler.,SIM
4150627,INSERTO PARA APARELHO DE ULTRASSOM ORTUS G2,U - Unidade,12,Odontologia Instrumental,TODOS,Instrumental,Periodontia,Insertos de ultrassom,4150627.jpg,Ponta para Ultrassom compatível com a marca Ortus modelo Bioscaler.,SIM
4150628,INSERTO PARA APARELHO DE ULTRASSOM ORTUS G4,U - Unidade,12,Odontologia Instrumental,TODOS,Instrumental,Periodontia,Insertos de ultrassom,4150628.jpg,Ponta para Ultrassom compatível com a marca Ortus modelo Bioscaler.,SIM
4150610,INSERTO PARA APARRELHO ALTSONIC JET CERAMIC G1,U - Unidade,12,Odontologia Instrumental,TODOS,Instrumental,Periodontia,Insertos de ultrassom,4150610.jpg,Ponta para Ultrassom compatível com a marca ALT modelo Sonic Jet Ceramic.  G1 - Remoção total de cálculo supragengival.,SIM
4150608,"INSERTO PARA APARELHO ALTSONIC JET CERAMIC G1, G2, P4 (KIT)",U - Unidade,12,Odontologia Instrumental,TODOS,Instrumental,Periodontia,Insertos de ultrassom,4150608.jpg,,SIM
4150611,INSERTO PARA APARELHO ALTSONIC JET CERAMIC G2,U - Unidade,12,Odontologia Instrumental,TODOS,Instrumental,Periodontia,Insertos de ultrassom,4150611.jpg,Ponta para Ultrassom compatível com a marca ALT modelo Sonic Jet Ceramic. G2 - Remoção de cálculo supragengival significativo.,SIM
4150612,INSERTO PARA APARELHO ALTSONIC JET CERAMIC G3,U - Unidade,12,Odontologia Instrumental,TODOS,Instrumental,Periodontia,Insertos de ultrassom,4150612.jpg,Ponta para Ultrassom compatível com a marca ALT modelo Sonic Jet Ceramic.,SIM
4150598,INSERTO PARA ULTRASSOM COMPATÍVEL COM ALT SONIC JET CEMRAMIC Nº1,U - Unidade,12,Odontologia Instrumental,TODOS,Instrumental,Periodontia,Insertos de ultrassom,4150598.jpg,Ponta para Ultrassom compatível com a marca ALT modelo Sonic Jet Ceramic. Nº 1 – Tratamento da junta interdental.,SIM
4150603,INSERTO PARA ULTRASSOM COMPATIVEL COM ALT SONIC JET CEMRAMIC Nº2,U - Unidade,12,Odontologia Instrumental,TODOS,Instrumental,Periodontia,Insertos de ultrassom,4150603.jpg,Ponta para Ultrassom compatível com a marca ALT modelo Sonic Jet Ceramic. Nº 2 – Tratamento de cálculos mais resistentes.,SIM
4150604,INSERTO PARA ULTRASSOM COMPATIVEL COM ALT SONIC JET CEMRAMIC Nº3,U - Unidade,12,Odontologia Instrumental,TODOS,Instrumental,Periodontia,Insertos de ultrassom,4150604.jpg,Ponta para Ultrassom compatível com a marca ALT modelo Sonic Jet Ceramic. Nº 3 – Tratamento de blocos periodontais.,SIM
4150630,INSERTO PARA ULTRASSOM ORIGINAL PERIO SUB PROFINEO,U - Unidade,12,Odontologia Instrumental,TODOS,Instrumental,Periodontia,Insertos de ultrassom,4150630.jpg,Ponta para Ultrassom compatível com a marca Dabi Atlante modelo Profineo. PERIO SUB: Pontas indicadas para a remoção do cálculo dental subgengival.,SIM
4150632,INSERTO PARA ULTRASSOM ORIGINAL PERIO SUPRA Nº02 SONIC MAX PLUS,U - Unidade,12,Odontologia Instrumental,TODOS,Instrumental,Periodontia,Insertos de ultrassom,4150632.jpg,Ponta para Ultrassom compatível com a marca Ecel modelo Sonic Max Plus,SIM
4150634,INSERTO PARA ULTRASSOM ORIGINAL PERIO SUPRA PROFINEO,U - Unidade,12,Odontologia Instrumental,TODOS,Instrumental,Periodontia,Insertos de ultrassom,4150634.jpg,"Ponta para Ultrassom compatível com a marca Dabi Atlante modelo Profineo. PERIO SUPRA: Recomendado para remover o cálculo dental de todas as superfícies supragengivais, especialmente dos dentes posteriores.",SIM
4150639,INSERTO PARA ULTRASSOM ORIGINAL T1-S MODELO JETLAXIS SONIC LED,U - Unidade,12,Odontologia Instrumental,TODOS,Instrumental,Periodontia,Insertos de ultrassom,4150639.jpg,"Ponta para Ultrassom compatível com a marca Schuster modelos Sonic Evo LED, Jetlax Sonic BP II LED, Jetlax Sonic LED e Soniclax BP LED. T1-S: Remoção de tártaro supragengival em toda a superfície do dente e na região interdental.",SIM
4150640,INSERTO PARA ULTRASSOM ORIGINAL T3-S MODELO JETLAXIS SONIC LED,U - Unidade,12,Odontologia Instrumental,TODOS,Instrumental,Periodontia,Insertos de ultrassom,4150640.jpg,"Ponta para Ultrassom compatível com a marca Schuster modelos Sonic Evo LED, Jetlax Sonic BP II LED, Jetlax Sonic LED e Soniclax BP LED. T3-S: Remoção de tártaro pesado e supragengival",SIM
4150642,INSERTO PARA ULTRASSOM ORIGINAL T4-S MODELO JETLAXIS SONIC LED,U - Unidade,12,Odontologia Instrumental,TODOS,Instrumental,Periodontia,Insertos de ultrassom,4150642.jpg,"Ponta para Ultrassom compatível com a marca Schuster modelos Sonic Evo LED, Jetlax Sonic BP II LED, Jetlax Sonic LED e Soniclax BP LED. T4-S: Remoção de tártaro subgengival.",SIM
4150618,INSERTO PARA ULTRASSOM ORIGINAL UNIVERSAL Nº01 SONIC MAX PLUS,U - Unidade,12,Odontologia Instrumental,TODOS,Instrumental,Periodontia,Insertos de ultrassom,4150618.jpg,Ponta para Ultrassom compatível com a marca Ecel modelo Sonic Max Plus,SIM
4150616,IONOMERO DE VIDRO PARA RESTAURACAO PÓ + LIQUIDO (KIT),KI - Kit,13,Odontologia,TODOS,Consumo,Dentística,Cimentos,4150616.jpg,,SIM
4150644,KIT DE FANTOCHES DE SAUDE BUCAL (CONJUNTO COM 6 PEÇAS),KI - Kit,12,Odontologia Instrumental,TODOS,Instrumental,"Prevenção;Odontopediatria",Material educativo,4150644.jpg,,SIM
4150645,KIT MACRO MODELO EDUCATIVO ODONTOLOGICO,KI - Kit,12,Odontologia Instrumental,TODOS,Instrumental,"Prevenção;Odontopediatria",Material educativo,4150645.jpg,,SIM
4150647,KIT P/ APARELHO ULTRASSOM DABI ATLANTE PROFI NEO US - COMPLETO,KI - Kit,12,Odontologia Instrumental,TODOS,Instrumental,Periodontia,Insertos de ultrassom,4150647.jpg,"Ponta para Ultrassom compatível com a marca Dabi Atlante modelo Profineo. PERIO SUPRA: Recomendado para remover o cálculo dental de todas as superfícies supragengivais, especialmente dos dentes posteriores. PERIO SUB: Pontas indicadas para a remoção do cálculo dental subgengival. PERIO E: Remoção do tártaro nas superfícies vestibular, lingual e cervical dos dentes anteriores.",NAO
4150617,KIT PONTEIRAS (TIPS) ULTRASSOM P/ PROFI NEO US DABI ATLANTE,KI - Kit,12,Odontologia Instrumental,TODOS,Instrumental,Periodontia,Insertos de ultrassom,4150617.jpg,,NAO
4150679,LÂMINA BISTURI ACO CARBONO Nº 11,U - Unidade,13,Odontologia,TODOS,Consumo,Cirurgia,Instrumental cirúrgico,4150679.jpg,,SIM
4150682,LAMINA BISTURI ACO CARBONO Nº 12,U - Unidade,15,CEO,CEO,Consumo,Cirurgia,Instrumental cirúrgico,4150682.jpg,,SIM
4150684,LAMINA BISTURI ACO CARBONO Nº 15,U - Unidade,13,Odontologia,TODOS,Consumo,Cirurgia,Instrumental cirúrgico,4150684.jpg,,SIM
4150820,LAMPARINA HANNAU PLASTICA (PROTESE),U - Unidade,14,CEO Instrumental,CEO,Instrumental,Prótese,Escultura em cera,4150820.jpg,,SIM
4150821,LAMPARINA INOX,U - Unidade,14,CEO Instrumental,CEO,Instrumental,Prótese,Escultura em cera,4150821.jpg,,SIM
4150688,LÁPIS CÓPIA (PROTESE),U - Unidade,15,CEO,CEO,Consumo,Prótese,Ajuste oclusal e protético,4150688.jpg,,SIM
4150691,LENÇOL DE BORRACHA (CAIXA COM 26),U - Unidade,15,CEO,CEO,Consumo,"Dentística;Endodontia",Isolamento absoluto,4150691.jpg,,SIM
4150822,LIMA DE SCHLUGER,U - Unidade,14,CEO Instrumental,CEO,Instrumental,Endodontia,Limas de canal,4150822.jpg,,SIM
4150927,LIMA END RECIPR NIQ-TIT SMALL 25 MM (CARTELA COM 3 UNIDADES),CT - Cartela,15,CEO,CEO,Consumo,Endodontia,Limas de canal,4150927.jpg,,SIM
4150924,LIMA END RECIPR NIQ-TITAN LARGE 25 MM (CARTELA COM 3 UNIDADES),CT - Cartela,15,CEO,CEO,Consumo,Endodontia,Limas de canal,4150924.jpg,,SIM
4150925,LIMA END RECIPR NIQ-TITAN PRIMARY 21MM (CARTELA COM 3 UNIDADES),CT - Cartela,15,CEO,CEO,Consumo,Endodontia,Limas de canal,4150925.jpg,,SIM
4150926,LIMA END RECIPR NIQ-TITAN PRIMARY 25MM (CARTELA COM 3 UNIDADES),CT - Cartela,15,CEO,CEO,Consumo,Endodontia,Limas de canal,4150926.jpg,,SIM
4150921,LIMA ENDO RECIPROC N-T MEDIUM 21 MM (CARTELA COM 3 UNIDADES),CT - Cartela,15,CEO,CEO,Consumo,Endodontia,Limas de canal,4150921.jpg,,SIM
4150922,LIMA ENDO RECIPROC N-T MEDIUM 25 MM (CARTELA COM 3 UNIDADES),CT - Cartela,15,CEO,CEO,Consumo,Endodontia,Limas de canal,4150922.jpg,,SIM
4150923,LIMA ENDO RECIPROC N-T MEDIUM 31 MM (CARTELA COM 3 UNIDADES),CT - Cartela,15,CEO,CEO,Consumo,Endodontia,Limas de canal,4150923.jpg,,SIM
4150928,LIMA FLEXOFILE 15-40/25 MM (CAIXA COM 6 UNIDADES),CA - Caixa,15,CEO,CEO,Consumo,Endodontia,Limas de canal,4150928.jpg,,SIM
4150929,LIMA FLEXOFILE 15-40/31 MM (CAIXA COM 6 UNIDADES),CA - Caixa,15,CEO,CEO,Consumo,Endodontia,Limas de canal,4150929.jpg,,SIM
4150937,LIMA FLEXOFILE 15/21 MM (CARTELA COM 6 UNIDADES),CT - Cartela,13,Odontologia,TODOS,Consumo,Endodontia,Limas de canal,4150937.jpg,,SIM
4150920,LIMA FLEXOFILE 20/21 MM (CARTELA COM 6 UNIDADES),CT - Cartela,13,Odontologia,TODOS,Consumo,Endodontia,Limas de canal,4150920.jpg,,SIM
4150932,LIMA FLEXOFILE 3 SERIE 90/140 (CARTELA COM 6 UNIDADES),CT - Cartela,15,CEO,CEO,Consumo,Endodontia,Limas de canal,4150932.jpg,,SIM
4150930,LIMA FLEXOFILE 35/21 MM (CAIXA COM 6 UNIDADES),CA - Caixa,15,CEO,CEO,Consumo,Endodontia,Limas de canal,4150930.jpg,,SIM
4150931,LIMA FLEXOFILE 35/25 MM (CAIXA COM 6 UNIDADES),CA - Caixa,15,CEO,CEO,Consumo,Endodontia,Limas de canal,4150931.jpg,,SIM
4150933,LIMA FLEXOFILE 40/21 MM (CAIXA COM 6 UNIDADES),CA - Caixa,15,CEO,CEO,Consumo,Endodontia,Limas de canal,4150933.jpg,,SIM
4150934,LIMA FLEXOFILE 40/25 MM (CAIXA COM 6 UNIDADES),CA - Caixa,15,CEO,CEO,Consumo,Endodontia,Limas de canal,4150934.jpg,,SIM
4150935,LIMA FLEXOFILE 45-80/25 MM (CARTELA COM 6 UNIDADES),CT - Cartela,15,CEO,CEO,Consumo,Endodontia,Limas de canal,4150935.jpg,,SIM
4150936,LIMA FLEXOFILE 45-80/31 MM (CARTELA COM 6 UNIDADES),CT - Cartela,15,CEO,CEO,Consumo,Endodontia,Limas de canal,4150936.jpg,,SIM
4150938,LIMA FLEXOFILE 45/80 21 MM (CARTELA COM 6 UNIDADES),CT - Cartela,15,CEO,CEO,Consumo,Endodontia,Limas de canal,4150938.jpg,,SIM
4150953,LIMA K-FILE 06/21 MM (CARTELA COM 6 UNIDADES),CT - Cartela,15,CEO,CEO,Consumo,Endodontia,Limas de canal,4150953.jpg,,SIM
4150954,LIMA K-FILE 06/25 MM (CARTELA COM 6 UNIDADES),CT - Cartela,15,CEO,CEO,Consumo,Endodontia,Limas de canal,4150954.jpg,,SIM
4150943,LIMA K-FILE 06/31 MM (CARTELA COM 6 UNIDADES),CT - Cartela,15,CEO,CEO,Consumo,Endodontia,Limas de canal,4150943.jpg,,SIM
4150955,LIMA K-FILE 08/21 MM (CARTELA COM 6 UNIDADES),CT - Cartela,15,CEO,CEO,Consumo,Endodontia,Limas de canal,4150955.jpg,,SIM
4150941,LIMA K-FILE 08/25MM (CAIXA COM 6 UNIDADES),CA - Caixa,15,CEO,CEO,Consumo,Endodontia,Limas de canal,4150941.jpg,,SIM
4150944,LIMA K-FILE 08/31 MM (CARTELA COM 6 UNIDADES),CT - Cartela,15,CEO,CEO,Consumo,Endodontia,Limas de canal,4150944.jpg,,SIM
4150729,LIMA K-FILE 10/21 MM (CAIXA COM 6 UNIDADES),CA - Caixa,15,CEO,CEO,Consumo,Endodontia,Limas de canal,4150729.jpg,,SIM
4150945,LIMA K-FILE 10/25 MM (CARTELA COM 6 UNIDADES),CT - Cartela,15,CEO,CEO,Consumo,Endodontia,Limas de canal,4150945.jpg,,SIM
4150946,LIMA K-FILE 10/31 MM (CARTELA COM 6 UNIDADES),CT - Cartela,15,CEO,CEO,Consumo,Endodontia,Limas de canal,4150946.jpg,,SIM
4150947,LIMA K-FILE 15/25 MM (CAIXA COM 6 UNIDADES),CA - Caixa,15,CEO,CEO,Consumo,Endodontia,Limas de canal,4150947.jpg,,SIM
4150948,LIMA K-FILE 20/25 MM (CARTELA COM 6 UNIDADES),CT - Cartela,15,CEO,CEO,Consumo,Endodontia,Limas de canal,4150948.jpg,,SIM
4150949,LIMA K-FILE 25/21 MM (CARTELA COM 6 UNIDADES),CT - Cartela,15,CEO,CEO,Consumo,Endodontia,Limas de canal,4150949.jpg,,SIM
4150950,LIMA K-FILE 25/25 MM (CARTELA COM 6 UNIDADES),CT - Cartela,15,CEO,CEO,Consumo,Endodontia,Limas de canal,4150950.jpg,,SIM
4150951,LIMA K-FILE 30/21 MM (CARTELA COM 6 UNIDADES),CT - Cartela,15,CEO,CEO,Consumo,Endodontia,Limas de canal,4150951.jpg,,SIM
4150952,LIMA K-FILE 30/25 MM (CARTELA COM 6 UNIDADES),CT - Cartela,15,CEO,CEO,Consumo,Endodontia,Limas de canal,4150952.jpg,,SIM
4150939,LIMA KERR 3 SERIE 90-140/25 MM (CAIXA COM 6 UNIDADES),CA - Caixa,15,CEO,CEO,Consumo,Endodontia,Limas de canal,4150939.jpg,,SIM
4150959,LIMA PARA LIMPEZA FINAL CANAL RADICULAR (CARTELA COM 4 UNIDADES),CT - Cartela,15,CEO,CEO,Consumo,Endodontia,Limas de canal,4150959.jpg,,SIM
4150648,LIMA PARA OSSO Nº11,KI - Kit,12,Odontologia Instrumental,TODOS,Instrumental,Periodontia,Curetas e raspadores,4150648.jpg,,SIM
4150956,LIMA PATHFILE SORTIDA 21 MM (CARTELA COM 3 UNIDADES),CT - Cartela,15,CEO,CEO,Consumo,Endodontia,Limas de canal,4150956.jpg,,SIM
4150957,LIMA PATHFILE SORTIDA 25 MM (CARTELA COM 3 UNIDADES),CT - Cartela,15,CEO,CEO,Consumo,Endodontia,Limas de canal,4150957.jpg,,SIM
4150958,LIMA PATHFILE SORTIDA 31 MM (CARTELA COM 3 UNIDADES),CT - Cartela,15,CEO,CEO,Consumo,Endodontia,Limas de canal,4150958.jpg,,SIM
4150960,LIMA RECIPROCANTE LARGE 21 MM (CARTELA COM 3 UNIDADES),CT - Cartela,15,CEO,CEO,Consumo,Endodontia,Limas de canal,4150960.jpg,,SIM
4150961,LIMA RECIPROCANTE LARGE 31 MM (CARTELA COM 3 UNIDADES),CT - Cartela,15,CEO,CEO,Consumo,Endodontia,Limas de canal,4150961.jpg,,SIM
4150962,LIMA RECIPROCANTE PRIMARY 31MM (CARTELA COM 3 UNIDADES),CT - Cartela,15,CEO,CEO,Consumo,Endodontia,Limas de canal,4150962.jpg,,SIM
4150963,LIMA RECIPROCANTE SMALL 21MM (CARTELA COM 3 UNIDADES),CT - Cartela,15,CEO,CEO,Consumo,Endodontia,Limas de canal,4150963.jpg,,SIM
4150964,LIMA RECIPROCANTE SMALL 31MM (CARTELA COM 3 UNIDADES),CT - Cartela,15,CEO,CEO,Consumo,Endodontia,Limas de canal,4150964.jpg,,SIM
4150969,LIMA ROTATORIA 25 MM MECANIZ (CAIXA COM 6 UNIDADES),CA - Caixa,15,CEO,CEO,Consumo,Endodontia,Limas de canal,4150969.jpg,,SIM
4150965,"LIMA ROTATORIA DE RETRATAMENTO D1, D2, D3 (CAIXA COM 6 UNIDADES)",CA - Caixa,15,CEO,CEO,Consumo,Endodontia,Limas de canal,4150965.jpg,,SIM
4150972,"LIMA ROTATORIA M-WIRE X1, X2, X3/21MM (CAIXA COM 3 UNIDADES)",CA - Caixa,15,CEO,CEO,Consumo,Endodontia,Limas de canal,4150972.jpg,,SIM
4150973,"LIMA ROTATORIA M-WIRE X1, X2, X3/25MM (CAIXA COM 3 UNIDADES)",CA - Caixa,15,CEO,CEO,Consumo,Endodontia,Limas de canal,4150973.jpg,,SIM
4150974,"LIMA ROTATORIA M-WIRE X1, X2, X3/31MM (CAIXA COM 3 UNIDADES)",CA - Caixa,15,CEO,CEO,Consumo,Endodontia,Limas de canal,4150974.jpg,,SIM
4150975,LIMA ROTATORIA M-WIRE X4/25MM (CARTELA COM 3 UNIDADES),CT - Cartela,15,CEO,CEO,Consumo,Endodontia,Limas de canal,4150975.jpg,,SIM
4150966,LIMA ROTATORIA M-WIRE X5/25 MM (CARTELA COM 3 UNIDADES),CT - Cartela,15,CEO,CEO,Consumo,Endodontia,Limas de canal,4150966.jpg,,SIM
4150967,LIMA ROTATORIA SX19 MM PARA PRE-ALARGAMENTO (CAIXA COM 6 UNIDADES),CA - Caixa,15,CEO,CEO,Consumo,Endodontia,Limas de canal,4150967.jpg,,SIM
4150971,LIMA TIPO KERR 10/31 MM (CARTELA COM 6 UNIDADES),CT - Cartela,15,CEO,CEO,Consumo,Endodontia,Limas de canal,4150971.jpg,,SIM
4151048,LIMA TIPO KERR Nº 6/31 MM,U - Unidade,15,CEO,CEO,Consumo,Endodontia,Limas de canal,4151048.jpg,,SIM
4151049,LIXA PARA MADEIRA Nº 220 (PROTESE),U - Unidade,15,CEO,CEO,Consumo,Prótese,Polimento de prótese,4151049.jpg,,SIM
4150731,MANDRIL BR PARA CONTRA ÂNGULO,U - Unidade,13,Odontologia,TODOS,Consumo,Dentística,"Matrizes, tiras e acabamento",4150731.jpg,,SIM
4150968,MANDRIL PM CONICO TIRA DE LIXA,U - Unidade,13,Odontologia,TODOS,Consumo,Dentística,"Matrizes, tiras e acabamento",4150968.jpg,,SIM
4151050,MAT DE MOLD A BASE DE POLIETER MANUAL,U - Unidade,15,CEO,CEO,Consumo,Prótese,Materiais de moldagem,4151050.jpg,,SIM
4151051,MATERIAL DE MOLDAGEM (SILICONE DE CONDENSACAO) CATALISADOR,U - Unidade,15,CEO,CEO,Consumo,Prótese,Materiais de moldagem,4151051.jpg,,SIM
4151052,MATERIAL DE MOLDAGEM (SILICONE DE CONDENSACAO) DENSO,U - Unidade,15,CEO,CEO,Consumo,Prótese,Materiais de moldagem,4151052.jpg,,SIM
4151053,MATERIAL DE MOLDAGEM IMPREGUM SOFT ALTA VISCOSIDADE - KIT,KI - Kit,15,CEO,CEO,Consumo,Prótese,Materiais de moldagem,4151053.jpg,,SIM
4151054,MATERIAL DE MOLDAGEM IMPREGUM SOFT BAIXA VISCOSIDADE - KIT,KI - Kit,15,CEO,CEO,Consumo,Prótese,Materiais de moldagem,4151054.jpg,,SIM
4151055,MATERIAL DE MOLDAGEM IMPREGUM SOFT MEDIA VISCOSIDADE - KIT,KI - Kit,15,CEO,CEO,Consumo,Prótese,Materiais de moldagem,4151055.jpg,,SIM
4151056,MATERIAL REEMBASADOR PROVISORIO - KIT,KI - Kit,15,CEO,CEO,Consumo,Prótese,Materiais de moldagem,4151056.jpg,,SIM
4150734,"MATRIZ DE AÇO INOXIDÁVEL 5 MM (0,05X5MMX50)",U - Unidade,13,Odontologia,TODOS,Consumo,Dentística,"Matrizes, tiras e acabamento",4150734.jpg,,SIM
4150737,"MATRIZ DE AÇO INOXIDÁVEL 7 MM (0,05X7MMX50)",U - Unidade,13,Odontologia,TODOS,Consumo,Dentística,"Matrizes, tiras e acabamento",4150737.jpg,,SIM
4150738,MATRIZ DE AÇO TOFFLEMIRE (COM 12 TIRAS),U - Unidade,13,Odontologia,TODOS,Consumo,Dentística,"Matrizes, tiras e acabamento",4150738.jpg,,SIM
4150823,MICRO CINZEIS DE OCHSENBEIN Nº1,U - Unidade,14,CEO Instrumental,CEO,Instrumental,Periodontia,Curetas e raspadores,4150823.jpg,,SIM
4150824,MICRO CINZEL OCHSENBEIN Nº1,U - Unidade,14,CEO Instrumental,CEO,Instrumental,Periodontia,Curetas e raspadores,4150824.jpg,,SIM
4151151,MICRO MOTOR PARA BAIXA ROTACAO,U - Unidade,13,Odontologia,TODOS,Consumo,Uso geral,Equipamentos e acessórios,4151151.jpg,,SIM
4150825,MINI ORGANIZADOR PLASTICO COM TAMPA,U - Unidade,14,CEO Instrumental,CEO,Instrumental,Uso geral,Caixas e recipientes,4150825.jpg,,SIM
4150826,MOLDEIRA INOX 1-4 LISA INFERIOR PARA MOLDAGEM ADULTO,U - Unidade,14,CEO Instrumental,CEO,Instrumental,Prótese,Equipamentos de laboratório,4150826.jpg,,SIM
4150827,MOLDEIRA PARA EDENTADOS HDR ANATOMO FISIOLOGICA (CARTELA COM 3 PARES),U - Unidade,14,CEO Instrumental,CEO,Instrumental,Prótese,Equipamentos de laboratório,4150827.jpg,,SIM
4150828,MOLDEIRA PARA DENTADOS DE ALUMINIO POL PERF (JOGO COM 9 MOLDEIRAS),U - Unidade,14,CEO Instrumental,CEO,Instrumental,Prótese,Equipamentos de laboratório,4150828.jpg,,SIM
4150744,PAPEL DETECTOR (BLOCO COM 12 FOLHAS),BL - Bloco,13,Odontologia,TODOS,Consumo,"Dentística;Prótese",Ajuste oclusal e protético,4150744.jpg,,SIM
4151106,PASTA DE HIDROX CALCIO PARA ENDODONTIA-SER/AGUL PARA APLICACAO,U - Unidade,15,CEO,CEO,Consumo,Endodontia,Soluções e medicamentos,4151106.jpg,,SIM
4150742,PASTA PARA TRATAMENTO DE ALVEOLITE 10G,U - Unidade,13,Odontologia,TODOS,Consumo,Cirurgia,Insumos cirúrgicos,4150742.jpg,,SIM
4150741,PASTA PROFILATICA COM FLUOR 90G,U - Unidade,13,Odontologia,TODOS,Consumo,Prevenção,Profilaxia e flúor,4150741.jpg,,SIM
4151057,PASTA ZINCO ENOLICA BISNAGA 60G,U - Unidade,15,CEO,CEO,Consumo,"Endodontia;Dentística",Restauradores provisórios,4151057.jpg,,SIM
4151058,PAVIO PARA LAMPARINA (PACOTE COM 10 UNIDADES),PC - Pacote,15,CEO,CEO,Consumo,Prótese,Escultura em cera,4151058.jpg,,SIM
4151059,PAVIO PARA LAMPARINA (PACOTE COM 12 UNIDADES),PC - Pacote,15,CEO,CEO,Consumo,Prótese,Escultura em cera,4151059.jpg,,SIM
4151060,PEDRA DE OXIDO DE ALUMINIO CILINDRICA PARA PEÇA DE MAO,U - Unidade,15,CEO,CEO,Consumo,Prótese,Pontas de desgaste,4151060.jpg,,SIM
4151061,PEDRA DE OXIDO DE ALUMINIO CONICA INVERTIDA PARA PEÇA DE MAO,U - Unidade,15,CEO,CEO,Consumo,Prótese,Pontas de desgaste,4151061.jpg,,SIM
4151062,PEDRA DE OXIDO DE ALUMINIO CONICA PARA PEÇA DE MAO,U - Unidade,15,CEO,CEO,Consumo,Prótese,Pontas de desgaste,4151062.jpg,,SIM
4150829,"PEDRA MONTADA CILINDRICA 0,5MM PARA DESGASTE DE METAL, ESTERILIZAVEL",U - Unidade,14,CEO Instrumental,CEO,Instrumental,Prótese,Pontas de desgaste,4150829.jpg,,SIM
4150830,"PEDRA MONTADA CILINDRICA 0,7MM PARA DESGASTE DE METAL",U - Unidade,14,CEO Instrumental,CEO,Instrumental,Prótese,Pontas de desgaste,4150830.jpg,,SIM
4150832,"PEDRA MONTADA TRONCO CONICA 0,42MM PARA DESGASTE DE METAL",U - Unidade,14,CEO Instrumental,CEO,Instrumental,Prótese,Pontas de desgaste,4150832.jpg,,SIM
4150652,PEDRA PARA AFIACAO,U - Unidade,12,Odontologia Instrumental,TODOS,Instrumental,Uso geral,Equipamentos e acessórios,4150652.jpg,,SIM
4151063,PEDRA POMES PO 100 GR,U - Unidade,15,CEO,CEO,Consumo,Prótese,Polimento de prótese,4151063.jpg,,SIM
4151064,PEDRA POMES PO 1KG,U - Unidade,15,CEO,CEO,Consumo,Prótese,Polimento de prótese,4151064.jpg,,SIM
4150833,PINCA ATRAUMATICA DIETRICH 16 CM,U - Unidade,14,CEO Instrumental,CEO,Instrumental,Cirurgia,Instrumental cirúrgico,4150833.jpg,,SIM
4150656,PINCA CLINICA Nº 17,U - Unidade,12,Odontologia Instrumental,TODOS,Instrumental,Diagnóstico,Exame clínico,4150656.jpg,,SIM
4150835,PINCA GOIVA BLUMENTHAL,U - Unidade,14,CEO Instrumental,CEO,Instrumental,Cirurgia,Instrumental cirúrgico,4150835.jpg,,SIM
4150836,PINCA MULLER PARA CARBONO (PROTESE),U - Unidade,14,CEO Instrumental,CEO,Instrumental,Prótese,Ajuste oclusal e protético,4150836.jpg,,SIM
4150657,PINCA PORTA GRAMPO DE PALMER,U - Unidade,12,Odontologia Instrumental,TODOS,Instrumental,"Dentística;Endodontia",Isolamento absoluto,4150657.jpg,,SIM
4150740,PINCEL MICRO BRUSH EXTRA FINO,U - Unidade,13,Odontologia,TODOS,Consumo,Dentística,Pincéis,4150740.jpg,,SIM
4150743,PINCEL MICRO BRUSH FINO,U - Unidade,13,Odontologia,TODOS,Consumo,Dentística,Pincéis,4150743.jpg,,SIM
4151065,PINCEL PELO DE PONEI,U - Unidade,15,CEO,CEO,Consumo,Prótese,Pincéis,4151065.jpg,,SIM
4150739,PINCEL TIPO PELO DE MARTA 00,U - Unidade,15,CEO,CEO,Consumo,Prótese,Pincéis,4150739.jpg,,SIM
4150659,PLACA DE VIDRO FINA 15X6X06,U - Unidade,12,Odontologia Instrumental,TODOS,Instrumental,Dentística,Instrumental de apoio,4150659.jpg,,SIM
4150837,PLANO DE CAMPER PARA PROTESE,U - Unidade,14,CEO Instrumental,CEO,Instrumental,Prótese,Ajuste oclusal e protético,4150837.jpg,,SIM
4151066,PONTA DE ASPIRACAO ENDODONTICA VERDE 25MM (PACOTE COM 5),PC - Pacote,15,CEO,CEO,Consumo,Endodontia,Irrigação e aspiração,4151066.jpg,,SIM
4151067,"PONTA DE GUTA PERCHA ACES B7 (R7, XF)",U - Unidade,15,CEO,CEO,Consumo,Endodontia,Cones e pontas de papel,4151067.jpg,,SIM
4151068,"PONTA DE GUTA PERCHA ACES B8 (R8,FF)",U - Unidade,15,CEO,CEO,Consumo,Endodontia,Cones e pontas de papel,4151068.jpg,,SIM
4151069,PONTA DE GUTA PERCHA ACES TAM RS,U - Unidade,15,CEO,CEO,Consumo,Endodontia,Cones e pontas de papel,4151069.jpg,,SIM
4151070,PONTA DE GUTA PERCHA PRINCIPAL Nº 25,U - Unidade,15,CEO,CEO,Consumo,Endodontia,Cones e pontas de papel,4151070.jpg,,SIM
4151071,PONTA DE GUTA PERCHA PRINCIPAL Nº 30,U - Unidade,15,CEO,CEO,Consumo,Endodontia,Cones e pontas de papel,4151071.jpg,,SIM
4151072,PONTA DE GUTA PERCHA PRINCIPAL Nº 40,U - Unidade,15,CEO,CEO,Consumo,Endodontia,Cones e pontas de papel,4151072.jpg,,SIM
4151073,PONTA DE GUTA PERCHA PRINCIPAL Nº35,U - Unidade,15,CEO,CEO,Consumo,Endodontia,Cones e pontas de papel,4151073.jpg,,SIM
4151074,PONTA DE IRRIGACAO ENDODONTICA AMARELA 21MM,U - Unidade,15,CEO,CEO,Consumo,Endodontia,Irrigação e aspiração,4151074.jpg,,SIM
4151075,PONTA DE IRRIGACAO ENDODONTICA AZUL 25MM,U - Unidade,15,CEO,CEO,Consumo,Endodontia,Irrigação e aspiração,4151075.jpg,,SIM
4151076,PONTA DE PAPEL ABSORVENTE Nº 15-40,U - Unidade,15,CEO,CEO,Consumo,Endodontia,Cones e pontas de papel,4151076.jpg,,SIM
4151077,PONTA DE PAPEL ABSORVENTE Nº 25,U - Unidade,15,CEO,CEO,Consumo,Endodontia,Cones e pontas de papel,4151077.jpg,,SIM
4151078,PONTA DE PAPEL ABSORVENTE Nº 30,U - Unidade,15,CEO,CEO,Consumo,Endodontia,Cones e pontas de papel,4151078.jpg,,SIM
4151079,PONTA DE PAPEL ABSORVENTE Nº 35,U - Unidade,15,CEO,CEO,Consumo,Endodontia,Cones e pontas de papel,4151079.jpg,,SIM
4151080,PONTA DE PAPEL ABSORVENTE Nº 40,U - Unidade,15,CEO,CEO,Consumo,Endodontia,Cones e pontas de papel,4151080.jpg,,SIM
4151081,PONTA DE PAPEL ABSORVENTE Nº 45-80,U - Unidade,15,CEO,CEO,Consumo,Endodontia,Cones e pontas de papel,4151081.jpg,,SIM
4151082,PONTA MISTURADORA PARA APARELHO PENTAMIX II (PACOTE COM 10),PC - Pacote,15,CEO,CEO,Consumo,Prótese,Materiais de moldagem,4151082.jpg,,SIM
4151083,PONTA MISTURADORA PARA APARELHO PENTAMIX II (PACOTE COM 12),U - Unidade,15,CEO,CEO,Consumo,Prótese,Materiais de moldagem,4151083.jpg,,SIM
4151084,PONTA MISTURADORA PARA APARELHO PENTAMIX II (PACOTE COM 30),PC - Pacote,15,CEO,CEO,Consumo,Prótese,Materiais de moldagem,4151084.jpg,,SIM
4150637,PONTA PARA ULTRASON SONIC BORDEN KAVO Nº 5 (UNIVERSAL),U - Unidade,12,Odontologia Instrumental,TODOS,Instrumental,Periodontia,Insertos de ultrassom,4150637.jpg,Ponta para Ultrassom compatível com a marca Kavo modelo Sonic Borden. Tratamento: para remoção de tártaro em grandes áreas,SIM
4150638,PONTA PARA ULTRASON SONIC BORDEN KAVO Nº 6,U - Unidade,12,Odontologia Instrumental,TODOS,Instrumental,Periodontia,Insertos de ultrassom,4150638.jpg,Ponta para Ultrassom compatível com a marca Kavo modelo Sonic Borden. Tratamento: para remoção de tártaro supragengival em grandes áreas,SIM
4150636,PONTA PARA ULTRASON SONIC BORDEN KAVO Nº 7,U - Unidade,12,Odontologia Instrumental,TODOS,Instrumental,Periodontia,Insertos de ultrassom,4150636.jpg,Ponta para Ultrassom compatível com a marca Kavo modelo Sonic Borden. Tratamento: para remoção de grandes áreas de cálculo supragengival,SIM
4150665,PONTEIRA CROMADA REMOVIVEL PARA KIT SUCTOR IV SCHUSTER,U - Unidade,12,Odontologia Instrumental,TODOS,Instrumental,Uso geral,Equipamentos e acessórios,4150665.jpg,,SIM
4150662,PONTEIRA UNIVERSAL COMP COM TDS APAR FOTOP 12 MM,U - Unidade,12,Odontologia Instrumental,TODOS,Instrumental,"Dentística;Uso geral",Equipamentos e acessórios,4150662.jpg,,SIM
4150664,PONTEIRA UNIVERSAL COMP COM TDS APAR FOTOP 15 MM,U - Unidade,12,Odontologia Instrumental,TODOS,Instrumental,"Dentística;Uso geral",Equipamentos e acessórios,4150664.jpg,,SIM
4150838,PORTA AGULHA CASTROVIEJO RETO,U - Unidade,14,CEO Instrumental,CEO,Instrumental,Cirurgia,Instrumental cirúrgico,4150838.jpg,,SIM
4150600,PORTA AGULHA MAYO HEGAR 14CM,U - Unidade,12,Odontologia Instrumental,TODOS,Instrumental,Cirurgia,Instrumental cirúrgico,4150600.jpg,,SIM
4150672,PORTA AGULHA MAYO HEGAR COM WIDEA 14CM,U - Unidade,12,Odontologia Instrumental,TODOS,Instrumental,Cirurgia,Instrumental cirúrgico,4150672.jpg,,SIM
4150839,PORTA AGULHA MAYO HEGAR COM WIDEA 15CM,U - Unidade,14,CEO Instrumental,CEO,Instrumental,Cirurgia,Instrumental cirúrgico,4150839.jpg,,SIM
4150673,PORTA ALGODAO DE INOX UNIDADE,U - Unidade,12,Odontologia Instrumental,TODOS,Instrumental,Uso geral,Caixas e recipientes,4150673.jpg,,SIM
4150840,PORTA AMALGAMA MICRO PEDIATRICO INOX,U - Unidade,14,CEO Instrumental,CEO,Instrumental,"Dentística;Odontopediatria","Instrumental de inserção;Amálgama",4150840.jpg,,SIM
4150676,PORTA MATRIZ IVORY Nº 8,U - Unidade,12,Odontologia Instrumental,TODOS,Instrumental,Dentística,"Matrizes, tiras e acabamento",4150676.jpg,,SIM
4150678,PORTA MATRIZ TOFFLEMIRE,U - Unidade,12,Odontologia Instrumental,TODOS,Instrumental,Dentística,"Matrizes, tiras e acabamento",4150678.jpg,,SIM
4150680,PORTA RESIDUO,U - Unidade,12,Odontologia Instrumental,TODOS,Instrumental,Uso geral,Caixas e recipientes,4150680.jpg,,SIM
4150850,POSICIONADOR DE FILME RX ADULTO,U - Unidade,14,CEO Instrumental,CEO,Instrumental,Radiologia,Radiologia,4150850.jpg,,SIM
4150852,POSICIONADOR DE FILME RX INFANTIL,U - Unidade,14,CEO Instrumental,CEO,Instrumental,Radiologia,Radiologia,4150852.jpg,,SIM
4150681,POTE DAPPEN DE VIDRO,U - Unidade,12,Odontologia Instrumental,TODOS,Instrumental,Dentística,Instrumental de apoio,4150681.jpg,,SIM
4150683,POTE PALADON COM TAMPA DE VIDRO,U - Unidade,14,CEO Instrumental,CEO,Instrumental,Prótese,Equipamentos de laboratório,4150683.jpg,,SIM
4150685,PRENDEDOR DE GUARDANAPO (CORRENTE TIPO JACARE),U - Unidade,12,Odontologia Instrumental,TODOS,Instrumental,Prevenção,Higiene bucal,4150685.jpg,,SIM
4151085,PROTETOR DE MANGUEIRA EM TNT (PACT/10),PC - Pacote,15,CEO,CEO,Consumo,Biossegurança,Descartáveis e barreiras,4151085.jpg,,SIM
4150700,PROTETOR DESCARTAVEL TIPO BABADOR (PACOTE COM 100 UNIDADES),U - Unidade,13,Odontologia,TODOS,Consumo,Biossegurança,Descartáveis e barreiras,4150700.jpg,,SIM
4151086,REFIL DO TAMBOREL (COM 50 UNIDADES),PC - Pacote,15,CEO,CEO,Consumo,Endodontia,Limas de canal,4151086.jpg,,SIM
4151087,REFIL MAT MOLD (IMPRESSAO) PASTA BASE/PASTA CATAL PENTAMIX (PROTESE),U - Unidade,15,CEO,CEO,Consumo,Prótese,Materiais de moldagem,4151087.jpg,,SIM
4150841,REGUA CALIBRADORA EM PPS PARA ENDODONTIA,U - Unidade,14,CEO Instrumental,CEO,Instrumental,Endodontia,Instrumental de apoio,4150841.jpg,,SIM
4150842,REGUA DE FOX (PROTESE),U - Unidade,14,CEO Instrumental,CEO,Instrumental,Prótese,Ajuste oclusal e protético,4150842.jpg,,SIM
4150843,REGUA ENDODONTICA MET MILIMETRADA,U - Unidade,14,CEO Instrumental,CEO,Instrumental,Endodontia,Instrumental de apoio,4150843.jpg,,SIM
4151088,REMOVEDOR DE CERAS E GORDURAS PARA TRABALHOS PROTETICOS,U - Unidade,15,CEO,CEO,Consumo,Prótese,Polimento de prótese,4151088.jpg,,SIM
4151089,RESINA ACRIL RAAQ PO INCOLOR (440G),U - Unidade,15,CEO,CEO,Consumo,Prótese,Resinas acrílicas,4151089.jpg,,SIM
4151090,RESINA ACRILICA AUTOPOLIMERIZAVEL INCOLOR (440G),U - Unidade,15,CEO,CEO,Consumo,Prótese,Resinas acrílicas,4151090.jpg,,SIM
4151091,RESINA ACRILICA ODONTO POLIMERIZAVEL POR MICROONDAS INCOLOR (440 GR),U - Unidade,15,CEO,CEO,Consumo,Prótese,Resinas acrílicas,4151091.jpg,,SIM
4151092,RESINA ACRILICA PATTERN KIT PO+LIQ,U - Unidade,15,CEO,CEO,Consumo,Prótese,Resinas acrílicas,4151092.jpg,,SIM
4151093,RESINA ACRILICA PO COR Nº 60,U - Unidade,15,CEO,CEO,Consumo,Prótese,Resinas acrílicas,4151093.jpg,,SIM
4151094,RESINA ACRILICA PO COR Nº 67,U - Unidade,15,CEO,CEO,Consumo,Prótese,Resinas acrílicas,4151094.jpg,,SIM
4151095,RESINA ACRILICA PO COR Nº 69,U - Unidade,15,CEO,CEO,Consumo,Prótese,Resinas acrílicas,4151095.jpg,,SIM
4151096,RESINA ACRILICA PO COR Nº 77,U - Unidade,15,CEO,CEO,Consumo,Prótese,Resinas acrílicas,4151096.jpg,,SIM
4151097,RESINA ACRILICA PO COR Nº 81,U - Unidade,15,CEO,CEO,Consumo,Prótese,Resinas acrílicas,4151097.jpg,,SIM
4151098,RESINA ACRILICA RAAQ LIQUIDA (120ML),U - Unidade,15,CEO,CEO,Consumo,Prótese,Resinas acrílicas,4151098.jpg,,SIM
4151099,RESINA ACRILICA RAAQ PO COR Nº 61,U - Unidade,15,CEO,CEO,Consumo,Prótese,Resinas acrílicas,4151099.jpg,,SIM
4151100,RESINA ACRILICA RAAQ PO COR Nº 62,U - Unidade,15,CEO,CEO,Consumo,Prótese,Resinas acrílicas,4151100.jpg,,SIM
4151101,RESINA ACRILICA RAAQ PO COR Nº 65,U - Unidade,15,CEO,CEO,Consumo,Prótese,Resinas acrílicas,4151101.jpg,,SIM
4151102,RESINA ACRILICA RAAQ PO COR Nº 66,U - Unidade,15,CEO,CEO,Consumo,Prótese,Resinas acrílicas,4151102.jpg,,SIM
4151103,RESINA ACRILICA RAAQ PO INCOLOR (1KG),U - Unidade,15,CEO,CEO,Consumo,Prótese,Resinas acrílicas,4151103.jpg,,SIM
4151104,RESINA ACRILICA RAAQ PO INCOLOR (78 G),U - Unidade,15,CEO,CEO,Consumo,Prótese,Resinas acrílicas,4151104.jpg,,SIM
4151105,RESINA ACRILICA RAAQ PO ROSA MEDIO (78G),U - Unidade,15,CEO,CEO,Consumo,Prótese,Resinas acrílicas,4151105.jpg,,SIM
4151107,RESINA ACRILICA TERMO POLIMERIZANTE ROSA,U - Unidade,15,CEO,CEO,Consumo,Prótese,Resinas acrílicas,4151107.jpg,,SIM
4151108,RESINA ACRILICA TERMOPOLIMERIZAVEL POR MICRO ONDAS LIQUIDA (250ML),U - Unidade,15,CEO,CEO,Consumo,Prótese,Resinas acrílicas,4151108.jpg,,SIM
4151109,RESINA ACRILICA TERMOPOLIMERIZAVEL POR MICRO ONDAS PO ROSA MEDIO (450G),U - Unidade,15,CEO,CEO,Consumo,Prótese,Resinas acrílicas,4151109.jpg,,SIM
4151110,RESINA AUTO POLIMERIZANTE PO INCOLOR (80G),U - Unidade,15,CEO,CEO,Consumo,Prótese,Resinas acrílicas,4151110.jpg,,SIM
4150716,RESINA COMPOSTA FLUIDA COR A3,U - Unidade,13,Odontologia,TODOS,Consumo,Dentística,Resinas restauradoras,4150716.jpg,,SIM
4150736,RESINA FOTOPOLIMERIZAVEL COR A1 ESMALTE,U - Unidade,13,Odontologia,TODOS,Consumo,Dentística,Resinas restauradoras,4150736.jpg,,SIM
4150735,RESINA FOTOPOLIMERIZAVEL COR A2 DENTINA,U - Unidade,13,Odontologia,TODOS,Consumo,Dentística,Resinas restauradoras,4150735.jpg,,SIM
4150733,RESINA FOTOPOLIMERIZAVEL COR A2 ESMALTE,U - Unidade,13,Odontologia,TODOS,Consumo,Dentística,Resinas restauradoras,4150733.jpg,,SIM
4150732,RESINA FOTOPOLIMERIZAVEL COR A3 DENTINA,U - Unidade,13,Odontologia,TODOS,Consumo,Dentística,Resinas restauradoras,4150732.jpg,,SIM
4150730,RESINA FOTOPOLIMERIZAVEL COR A3 ESMALTE,U - Unidade,13,Odontologia,TODOS,Consumo,Dentística,Resinas restauradoras,4150730.jpg,,SIM
4150728,"RESINA FOTOPOLIMERIZAVEL COR A3,5 ESMALTE",U - Unidade,13,Odontologia,TODOS,Consumo,Dentística,Resinas restauradoras,4150728.jpg,,SIM
4150727,RESINA FOTOPOLIMERIZAVEL COR A4 DENTINA,U - Unidade,13,Odontologia,TODOS,Consumo,Dentística,Resinas restauradoras,4150727.jpg,,SIM
4150726,RESINA FOTOPOLIMERIZAVEL COR A4 ESMALTE,U - Unidade,13,Odontologia,TODOS,Consumo,Dentística,Resinas restauradoras,4150726.jpg,,SIM
4150725,RESINA FOTOPOLIMERIZAVEL COR B1 ESMALTE,U - Unidade,13,Odontologia,TODOS,Consumo,Dentística,Resinas restauradoras,4150725.jpg,,SIM
4150722,RESINA FOTOPOLIMERIZAVEL COR B2 DENTINA,U - Unidade,13,Odontologia,TODOS,Consumo,Dentística,Resinas restauradoras,4150722.jpg,,SIM
4150721,RESINA FOTOPOLIMERIZAVEL COR B2 ESMALTE,U - Unidade,13,Odontologia,TODOS,Consumo,Dentística,Resinas restauradoras,4150721.jpg,,SIM
4150720,RESINA FOTOPOLIMERIZAVEL COR B3 ESMALTE,U - Unidade,13,Odontologia,TODOS,Consumo,Dentística,Resinas restauradoras,4150720.jpg,,SIM
4150719,RESINA FOTOPOLIMERIZAVEL COR C2 ESMALTE,U - Unidade,13,Odontologia,TODOS,Consumo,Dentística,Resinas restauradoras,4150719.jpg,,SIM
4150717,RESINA FOTOPOLIMERIZAVEL COR C3 ESMALTE,U - Unidade,13,Odontologia,TODOS,Consumo,Dentística,Resinas restauradoras,4150717.jpg,,SIM
4151047,RESINA FOTOPOLIMERIZAVEL UNICROMATICA,U - Unidade,13,Odontologia,TODOS,Consumo,Dentística,Resinas restauradoras,4151047.jpg,,SIM
4151111,RESTAURADOR PROVISORIO FOTOPOLIMERIZAVEL,U - Unidade,15,CEO,CEO,Consumo,"Endodontia;Dentística",Restauradores provisórios,4151111.jpg,,SIM
4151112,RESTAURADOR PROVISORIO PARA ENDO,U - Unidade,15,CEO,CEO,Consumo,"Endodontia;Dentística",Restauradores provisórios,4151112.jpg,,SIM
4150715,REVELADOR DE PLACA BACTERIANA 500ML,U - Unidade,13,Odontologia,TODOS,Consumo,"Prevenção;Diagnóstico",Profilaxia e flúor,4150715.jpg,,SIM
4151113,REVELADOR RX PRONTO USO (500ML),U - Unidade,15,CEO,CEO,Consumo,Radiologia,Radiologia,4151113.jpg,,NAO
4151114,RODA DE ALGODAO PARA TORNO DE POLIMENTO DE RESINA,U - Unidade,15,CEO,CEO,Consumo,Prótese,Polimento de prótese,4151114.jpg,,SIM
4151115,RODA DE FLANELA PARA TORNO DE POLIMENTO DE RESINA,U - Unidade,15,CEO,CEO,Consumo,Prótese,Polimento de prótese,4151115.jpg,,SIM
4150718,ROLETE DENTAL DE ALGODÃO (COM 100 UNIDADES),PC - Pacote,13,Odontologia,TODOS,Consumo,Biossegurança,Descartáveis e barreiras,4150718.jpg,,SIM
4150686,SACA BROCA UNIDADE,U - Unidade,12,Odontologia Instrumental,TODOS,Instrumental,Dentística,Brocas,4150686.jpg,,SIM
4150714,SACO PLASTICO TIPO SACOLE (PACOTE COM 100 UNIDADES),PC - Pacote,13,Odontologia,TODOS,Consumo,Biossegurança,Descartáveis e barreiras,4150714.jpg,,SIM
4150713,SELANTE DENTAL FOTOPOLIMERIZÁVEL PARA FOSSULAS E FISSURAS,U - Unidade,13,Odontologia,TODOS,Consumo,"Prevenção;Odontopediatria",Selantes e cariostático,4150713.jpg,,SIM
4150677,SERIADO DE BORRACHA PARA RESINA,U - Unidade,13,Odontologia,TODOS,Consumo,Dentística,"Matrizes, tiras e acabamento",4150677.jpg,,SIM
4150689,SERINGA CARPULE COM REFLUXO,U - Unidade,12,Odontologia Instrumental,TODOS,Instrumental,Anestesia,Anestesia,4150689.jpg,,SIM
4150844,SERINGA ENDODONTICA,U - Unidade,14,CEO Instrumental,CEO,Instrumental,Endodontia,Irrigação e aspiração,4150844.jpg,,SIM
4150690,SERINGA TRIPLICE QUADRADO CABO/BOTAO,U - Unidade,12,Odontologia Instrumental,TODOS,Instrumental,Uso geral,Equipamentos e acessórios,4150690.jpg,,SIM
4150692,SINDESMOTOMO,U - Unidade,12,Odontologia Instrumental,TODOS,Instrumental,Cirurgia,Instrumental cirúrgico,4150692.jpg,,SIM
4150623,"SOLUCAO DE CLOREXIDINA 0,12% 1L",U - Unidade,13,Odontologia,TODOS,Consumo,"Periodontia;Cirurgia",Soluções e medicamentos,4150623.jpg,,SIM
4151118,SOLUCAO DE CLOREXIDINA 2% 100ML,U - Unidade,15,CEO,CEO,Consumo,"Periodontia;Cirurgia",Soluções e medicamentos,4151118.jpg,,SIM
4151116,"SOLUCAO DE HIPOCLORITO DE SODIO 2,5% 1L",U - Unidade,15,CEO,CEO,Consumo,Endodontia,Soluções e medicamentos,4151116.jpg,,SIM
4151117,SOLUCAO DE HIPOCLORITO DE SODIO 5% 1L,U - Unidade,15,CEO,CEO,Consumo,Endodontia,Soluções e medicamentos,4151117.jpg,,SIM
4150712,SOLUCAO DE HIPOCLORITO DE SODIO A 1% 1L (SOLUCAO DE MILTON),FR - Frasco,13,Odontologia,TODOS,Consumo,Endodontia,Soluções e medicamentos,4150712.jpg,,SIM
4151119,SOLUCAO FIXADORA PARA RX,U - Unidade,15,CEO,CEO,Consumo,Radiologia,Radiologia,4151119.jpg,,SIM
4150674,SOLUÇÃO HEMOSTÁTICA SEM EPINEFRINA,U - Unidade,13,Odontologia,TODOS,Consumo,Cirurgia,Insumos cirúrgicos,4150674.jpg,,SIM
4151120,SOLUCAO REVELADORA PARA RX,U - Unidade,15,CEO,CEO,Consumo,Radiologia,Radiologia,4151120.jpg,,SIM
4150845,SONDA DE NABERS Nº 2N COLORIDA PARA FURCA,U - Unidade,14,CEO Instrumental,CEO,Instrumental,"Periodontia;Diagnóstico",Exame clínico,4150845.jpg,,SIM
4151172,SONDA EXPLORADORA N°5,U - Unidade,13,Odontologia,TODOS,Consumo,Diagnóstico,Exame clínico,4151172.jpg,,SIM
4151171,SONDA EXPLORADORA N°6,U - Unidade,13,Odontologia,TODOS,Consumo,Diagnóstico,Exame clínico,4151171.jpg,,SIM
4150694,SONDA MILIMETRADA TIPO WHO (OMS),U - Unidade,12,Odontologia Instrumental,TODOS,Instrumental,"Periodontia;Diagnóstico",Exame clínico,4150694.jpg,,SIM
4150695,SONDA RETA ENDO EXPLORACAO DE CANAIS,U - Unidade,14,CEO Instrumental,CEO,Instrumental,Endodontia,Limas de canal,4150695.jpg,,SIM
4150711,SPRAY LUBRIFICANTE,U - Unidade,13,Odontologia,TODOS,Consumo,Uso geral,Equipamentos e acessórios,4150711.jpg,,SIM
4150709,SUGADOR CIRURGICO ESTERIL DESCARTAVEL (CAIXA COM 40 UNIDADES),PC - Pacote,13,Odontologia,TODOS,Consumo,Cirurgia,Insumos cirúrgicos,4150709.jpg,,SIM
4150708,SUGADOR DESCARTÁVEL (PACOTE COM 40 UNIDADES),PC - Pacote,13,Odontologia,TODOS,Consumo,Biossegurança,Descartáveis e barreiras,4150708.jpg,,SIM
4150745,SULFATO DE POLIMIXINA B + SULF NEOMICINA + HIDROCORTISONA (OTOSPORIN),U - Unidade,13,Odontologia,TODOS,Consumo,Uso geral,Soluções e medicamentos,4150745.jpg,,SIM
4150696,SUPORTE PARA APARELHO DE PROFILAXIA,U - Unidade,12,Odontologia Instrumental,TODOS,Instrumental,Prevenção,Profilaxia e flúor,4150696.jpg,,SIM
4150707,TACAS DE BORRACHA PARA PROFILAXIA,U - Unidade,13,Odontologia,TODOS,Consumo,Prevenção,Profilaxia e flúor,4150707.jpg,,SIM
4150853,TAMBOREL EM PLASTICO AUTOCLAVAVEL,U - Unidade,14,CEO Instrumental,CEO,Instrumental,Prótese,Equipamentos de laboratório,4150853.jpg,,SIM
4150846,TESOURA CIRURGICA GOLDMAN FOX,U - Unidade,14,CEO Instrumental,CEO,Instrumental,Cirurgia,Instrumental cirúrgico,4150846.jpg,,SIM
4150697,TESOURA CIRURGICA IRIS CURVA,U - Unidade,12,Odontologia Instrumental,TODOS,Instrumental,Cirurgia,Instrumental cirúrgico,4150697.jpg,,SIM
4150698,TESOURA CIRURGICA IRIS RETA,U - Unidade,12,Odontologia Instrumental,TODOS,Instrumental,Cirurgia,Instrumental cirúrgico,4150698.jpg,,SIM
4150847,TESOURA METZEMBAUM,U - Unidade,14,CEO Instrumental,CEO,Instrumental,Cirurgia,Instrumental cirúrgico,4150847.jpg,,SIM
4150848,TESOURA PARA CORTE DE FIO DE AÇO Nº 12,U - Unidade,14,CEO Instrumental,CEO,Instrumental,Cirurgia,Instrumental cirúrgico,4150848.jpg,,SIM
4150710,TESTE DE VITALIDADE PULPAR SPRAY,U - Unidade,13,Odontologia,TODOS,Consumo,"Endodontia;Diagnóstico",Soluções e medicamentos,4150710.jpg,,SIM
4150706,TIRAS DE AÇO PARA AMÁLGAMA,U - Unidade,13,Odontologia,TODOS,Consumo,Dentística,"Matrizes, tiras e acabamento;Amálgama",4150706.jpg,,SIM
4151159,TIRAS DE LIXA PARA RESINA COMPOSTA (CAIXA COM 100 UNIDADES),CA - Caixa,13,Odontologia,TODOS,Consumo,Dentística,Resinas restauradoras,4151159.jpg,,SIM
4150705,TIRAS DE LIXA PARA RESINA COMPOSTA (CAIXA COM 150 UNIDADES),CA - Caixa,13,Odontologia,TODOS,Consumo,Dentística,Resinas restauradoras,4150705.jpg,,SIM
4150704,TIRAS DE POLIÉSTER TRANSPARENTE,U - Unidade,13,Odontologia,TODOS,Consumo,Dentística,"Matrizes, tiras e acabamento",4150704.jpg,,SIM
4150703,TRICRESOL FORMALINA,U - Unidade,13,Odontologia,TODOS,Consumo,Endodontia,Soluções e medicamentos,4150703.jpg,,SIM
4151121,TUBO CIRURGICO DE SILICONE º 203,U - Unidade,15,CEO,CEO,Consumo,Cirurgia,Insumos cirúrgicos,4151121.jpg,,SIM
4150702,VASELINA SÓLIDA ESPECIAL,U - Unidade,13,Odontologia,TODOS,Consumo,Uso geral,Insumos diversos,4150702.jpg,,SIM
4151122,VASELINA SOLIDA POMADA 500G (PROTESE),U - Unidade,15,CEO,CEO,Consumo,Prótese,Insumos diversos,4151122.jpg,,SIM
4150701,VERNIZ COM FLÚOR,U - Unidade,13,Odontologia,TODOS,Consumo,Prevenção,Profilaxia e flúor,4150701.jpg,,SIM
4150849,VIBRADOR DE GESSO,U - Unidade,14,CEO Instrumental,CEO,Instrumental,Prótese,Equipamentos de laboratório,4150849.jpg,,SIM
0,"EXEMPLO: SORO FISIOLOGICO 0,9% 500ML (APAGAR ESTA LINHA)",FR - Frasco,,Interesse Odontológico,COORDENACAO,Consumo,Uso geral,Insumos diversos,0000000.jpg,Linha de exemplo do bloco de interesse odontológico,NAO
4151188,ABRITEC ADULTO (COM 2 UNIDADES),U - Unidade,13,Odontologia,TODOS,Consumo,Dentística,Auxiliares de abertura,4151188.jpg,,SIM
4151189,AGULHA GENGIVAL LONGA 27 G DESCARTÁVEL (CAIXA COM 100 UNIDADES),CA - Caixa,13,Odontologia,TODOS,Consumo,"Anestesia;Cirurgia",Anestesia,4151189.jpg,,SIM
4151187,KIT CIRÚRGICO DESCATÁVEL ESTÉRIL (AVENTAL + PANO DE CAMPO),KI - Kit,15,CEO,CEO,Consumo,"Cirurgia;Biossegurança",Descartáveis e barreiras,4151187.jpg,,SIM
4151192,PLÁSTICO BOLHA (BOBINA),U - Unidade,15,CEO,CEO,Consumo,Prótese,Equipamentos de laboratório,4151192.jpg,,SIM
4151195,"ALAVANCA APEXO 301, 302, 303 (KIT COM 3 PEÇAS)",KI - Kit,14,CEO Instrumental,CEO,Instrumental,Cirurgia,Alavancas,4151195.jpg,,SIM
4150724,RESINA FOTOPOLIMERIZAVEL COR A4 ESMALTE ERRADA,U - Unidade,13,Odontologia,,,,,4150724.jpg,,NAO
4151196,ANESTÉSICO INJ MEPIVACAÍNA 3% SEM VASO (CAIXA COM 50 TUBETES),CA - Caixa,13,Odontologia,TODOS,Consumo,Anestesia,Anestesia,4151196.jpg,,SIM
4151200,SUGADOR ENDO LUER,KI - Kit,13,Odontologia,TODOS,Consumo,Endodontia,Irrigação e aspiração,4151200.jpg,,SIM
4151204,SUGADOR CIRURGICO ESTERIL DESCARTAVEL (CAIXA COM 20 UNIDADES),CA - Caixa,13,Odontologia,TODOS,Consumo,Cirurgia,Insumos cirúrgicos,4151204.jpg,,SIM
4151205,ADESIVO PARA MAT MOLDAGEM A BASE DE POLIETER 10 ML,U - Unidade,15,CEO,CEO,Consumo,Prótese,Materiais de moldagem,4151205.jpg,,SIM
4151206,ANESTESICO PRILOCAINA 3% COM VASOCONSTRUTOR FELIPRESSINA(CX50),U - Unidade,15,CEO,CEO,Consumo,Anestesia,Anestesia,4151206.jpg,,SIM
4151207,BROCA ALTA ROTAÇÃO DIAMANTADA 2128 F,U - Unidade,15,CEO,CEO,Consumo,Dentística,Brocas,4151207.jpg,,SIM
4151208,BROCA TUNGSTENIO ESFERICA PARA PEÇA RETA,U - Unidade,15,CEO,CEO,Consumo,"Dentística;Cirurgia",Brocas,4151208.jpg,,SIM
4151209,CERA Nº7 (PROTESE),U - Unidade,15,CEO,CEO,Consumo,Prótese,Escultura em cera,4151209.jpg,,SIM
4151210,CIMENTO MTA PARA PERFURACAO ENDO (CEO),U - Unidade,15,CEO,CEO,Consumo,Endodontia,Cimentos,4151210.jpg,,SIM
4151211,CURSOR EM SILICONE (CEO),U - Unidade,15,CEO,CEO,Consumo,Endodontia,Limas de canal,4151211.jpg,,SIM
4151212,DETERGENTE NEUTRO 500 ML - FRS,U - Unidade,15,CEO,CEO,Consumo,Biossegurança,Insumos diversos,4151212.jpg,,SIM
4151213,DISCO DE CARBURUNDUM UN,U - Unidade,15,CEO,CEO,Consumo,Prótese,Pontas de desgaste,4151213.jpg,,SIM
4151214,DISCO DE LIXA DE OXIDO DE AL PARA ACABAM RESINA FOTO (COM 50 DISCOS),U - Unidade,15,CEO,CEO,Consumo,Dentística,"Matrizes, tiras e acabamento",4151214.jpg,,SIM
4151215,DISCO DIAMANTADO PICOTADO PARA PEÇA DE MAO,U - Unidade,15,CEO,CEO,Consumo,Prótese,Pontas de desgaste,4151215.jpg,,SIM
4151216,ESCOVA CIRCULAR DE PELO Nº 10 PARA TORNO,U - Unidade,15,CEO,CEO,Consumo,Prótese,Polimento de prótese,4151216.jpg,,SIM
4151217,ESCOVA CIRCULAR DE PELO Nº 12 PARA TORNO,U - Unidade,15,CEO,CEO,Consumo,Prótese,Polimento de prótese,4151217.jpg,,SIM
4151218,ESCOVA CIRCULAR DE PELO Nº 27 PARA TORNO,U - Unidade,15,CEO,CEO,Consumo,Prótese,Polimento de prótese,4151218.jpg,,SIM
4151219,ESCOVA CIRCULAR DE PELO Nº 29 PARA TORNO,U - Unidade,15,CEO,CEO,Consumo,Prótese,Polimento de prótese,4151219.jpg,,SIM
4151220,ESPACADOR DIGITAL SORTIDO 25MM CX/4 UNIDADES,U - Unidade,15,CEO,CEO,Consumo,Endodontia,Limas de canal,4151220.jpg,,SIM
4151221,"FILME PERIAPICAL ADULTO 30,5 X 40,5 MM (CAIXA COM 150)",U - Unidade,15,CEO,CEO,Consumo,Radiologia,Radiologia,4151221.jpg,,SIM
4151222,MULTILAMINADOS BR PARA POLIMENTO AMALGAMA,U - Unidade,15,CEO,CEO,Consumo,Dentística,"Brocas;Amálgama",4151222.jpg,,SIM
4151223,AFASTADOR FARABEUF ORAL (PAR) (CEO),U - Unidade,14,CEO Instrumental,CEO,Instrumental,Cirurgia,Instrumental cirúrgico,4151223.jpg,,SIM
4151224,AFASTADOR MINESSOTA,U - Unidade,14,CEO Instrumental,CEO,Instrumental,Cirurgia,Instrumental cirúrgico,4151224.jpg,,SIM
4151225,ALAVANCAS APICAIS (KIT),U - Unidade,14,CEO Instrumental,CEO,Instrumental,Cirurgia,Alavancas,4151225.jpg,,SIM
4151226,ALICATE BICO DE PAPAGAIO Nº 115 EM ACO INOX,U - Unidade,14,CEO Instrumental,CEO,Instrumental,"Prótese;Ortodontia",Alicates,4151226.jpg,,SIM
4151227,ALICATE ORTODONTICO 139,U - Unidade,14,CEO Instrumental,CEO,Instrumental,"Prótese;Ortodontia",Alicates,4151227.jpg,,SIM
4151228,ALICATE PARA CORTE DE FIO DE ACO,U - Unidade,14,CEO Instrumental,CEO,Instrumental,"Prótese;Ortodontia",Alicates,4151228.jpg,,SIM
4151229,ALICATE PARA TECIDOS GOLDMAN FOX,U - Unidade,14,CEO Instrumental,CEO,Instrumental,"Cirurgia;Periodontia",Instrumental cirúrgico,4151229.jpg,,SIM
4151230,AMALGAMADOR DE BORRACHA (DEDEIRA),U - Unidade,14,CEO Instrumental,CEO,Instrumental,Dentística,Amálgama,4151230.jpg,,SIM
4151231,ARCO INOX PARA ISOLAMENTO COM DIQUE,U - Unidade,14,CEO Instrumental,CEO,Instrumental,"Dentística;Endodontia",Isolamento absoluto,4151231.jpg,,SIM
4151232,CALCADOR DE AMALGAMA Nº 01,U - Unidade,14,CEO Instrumental,CEO,Instrumental,Dentística,Amálgama,4151232.jpg,,SIM
4151233,CALCADOR DE AMALGAMA Nº 02,U - Unidade,14,CEO Instrumental,CEO,Instrumental,Dentística,Amálgama,4151233.jpg,,SIM
4151234,CALCADOR DE AMALGAMA Nº 03,U - Unidade,14,CEO Instrumental,CEO,Instrumental,Dentística,Amálgama,4151234.jpg,,SIM
4151235,CAMURCA PARA AMALGAMA,U - Unidade,14,CEO Instrumental,CEO,Instrumental,Dentística,Amálgama,4151235.jpg,,SIM
4151236,CINZEL WEDELSTAEDT 5-6 (CEO),U - Unidade,14,CEO Instrumental,CEO,Instrumental,Periodontia,Curetas e raspadores,4151236.jpg,,SIM
4151237,COLGADURA INDIVIDUAL (CEO),U - Unidade,14,CEO Instrumental,CEO,Instrumental,Radiologia,Radiologia,4151237.jpg,,SIM
4151238,COLGADURA TIPO AMERICANA PARA 14 RX,U - Unidade,14,CEO Instrumental,CEO,Instrumental,Radiologia,Radiologia,4151238.jpg,,SIM
4151239,DESCOLADOR DE MOLT N2/4,U - Unidade,14,CEO Instrumental,CEO,Instrumental,Cirurgia,Instrumental cirúrgico,4151239.jpg,,SIM
4151240,ELEVADOR POTT R,U - Unidade,14,CEO Instrumental,CEO,Instrumental,Cirurgia,Alavancas,4151240.jpg,,SIM
4151241,ESTOJO PARA ENDODONTIA 24 FUROS,U - Unidade,14,CEO Instrumental,CEO,Instrumental,Endodontia,Caixas e recipientes,4151241.jpg,,SIM
4151242,GRAMPO N210,U - Unidade,14,CEO Instrumental,CEO,Instrumental,"Dentística;Endodontia",Isolamento absoluto,4151242.jpg,,SIM
4151243,KIT COM 8 MOLDEIRAS PLASTICAS,U - Unidade,14,CEO Instrumental,CEO,Instrumental,Prótese,Equipamentos de laboratório,4151243.jpg,,SIM
4151244,KIT MATERIAL PARA REGISTO OCLUSAL,U - Unidade,14,CEO Instrumental,CEO,Instrumental,Prótese,Ajuste oclusal e protético,4151244.jpg,,SIM
4151245,PINCA BACKHAUS 10CM,U - Unidade,14,CEO Instrumental,CEO,Instrumental,Cirurgia,Instrumental cirúrgico,4151245.jpg,,SIM
4151246,PINCA PORTA GRAMPO PARA DIQUE,U - Unidade,14,CEO Instrumental,CEO,Instrumental,"Dentística;Endodontia",Isolamento absoluto,4151246.jpg,,SIM
4151247,PLACA DE FOSFORO INTRAORAL (ADULTO),U - Unidade,14,CEO Instrumental,CEO,Instrumental,Radiologia,Radiologia,4151247.jpg,,SIM
4151248,PLACA DE FOSFORO INTRAORAL (INFANTIL),U - Unidade,14,CEO Instrumental,CEO,Instrumental,"Radiologia;Odontopediatria",Radiologia,4151248.jpg,,SIM
4151249,PORTA AMALGAMA PLASTICO,U - Unidade,14,CEO Instrumental,CEO,Instrumental,Dentística,"Instrumental de inserção;Amálgama",4151249.jpg,,SIM
4151250,POTTS CABO T,U - Unidade,14,CEO Instrumental,CEO,Instrumental,Cirurgia,Alavancas,4151250.jpg,,SIM
4151251,PROTETOR DE TIREOIDE ADULTO COM BORRACHA PLUMB,U - Unidade,14,CEO Instrumental,CEO,Instrumental,Radiologia,Radiologia,4151251.jpg,,SIM
4151252,SONDA DE NABERS CURVA Nº 2NB,U - Unidade,14,CEO Instrumental,CEO,Instrumental,"Periodontia;Diagnóstico",Exame clínico,4151252.jpg,,SIM
4151253,AMALGAMA EM CAPSULA (CAIXA COM 50 CAPSULAS),CA - Caixa,15,CEO,CEO,Consumo,Dentística,Amálgama,4151253.jpg,,SIM
4151254,BROCA ALTA ROTAÇÃO DIAMANTADA 3080,U - Unidade,13,Odontologia,TODOS,Consumo,Dentística,Brocas,4151254.jpg,,SIM
4151255,CERA UTILIDADE ODONTOLOGICA LAMINADA,U - Unidade,15,CEO,CEO,Consumo,Prótese,Escultura em cera,4151255.jpg,,SIM
4151256,CIMENTO CIRURGICO SEM EUGENOL,U - Unidade,15,CEO,CEO,Consumo,"Periodontia;Cirurgia",Cimentos,4151256.jpg,,SIM
4151257,CONE DE FELTRO PARA TORNO DE POLIMENTO DE RESINA,U - Unidade,15,CEO,CEO,Consumo,Prótese,Polimento de prótese,4151257.jpg,,SIM
4151258,CREME FIXADOR DE PROTESE TOTAL 19G,U - Unidade,15,CEO,CEO,Consumo,Prótese,Insumos diversos,4151258.jpg,,SIM
4151259,DISCO DE LIXA DE OXIDO DE AL PARA POLIMENTO RESINA ACRÍLICA (COM 100 DISCOS),CA - Caixa,15,CEO,CEO,Consumo,Prótese,Polimento de prótese,4151259.jpg,,SIM
4151260,EUCALIPTOL (SOLVENTE DE GUTTA PERCHA) 10 A 20 ML,U - Unidade,15,CEO,CEO,Consumo,Endodontia,Soluções e medicamentos,4151260.jpg,,SIM
4151261,ISOLANTE DE RESINA RAAQ 500ML,U - Unidade,15,CEO,CEO,Consumo,Prótese,Resinas acrílicas,4151261.jpg,,SIM
