codigo,branet_codigo,branet_codigo_cliente,branet_nome,modificado_em,modificado_por
4150488,15054,9876,ABRIDOR DE BOCA TIPO EXPANDEX (ADULTO),24/09/2026,Caio César Borges de Oliveira
4150493,15055,9877,ABRIDOR DE BOCA TIPO EXPANDEX (INFANTIL),24/09/2026,Caio César Borges de Oliveira
4150479,10373,98991,ABRIDOR DE BOCA TIPO ABRITEC (INFANTIL),24/09/2026,Caio César Borges de Oliveira
4150483,13801,118937,ACIDO FOSFORICO 37% (PACOTE C/ 3 SERINGAS),24/09/2026,Caio César Borges de Oliveira
4150485,13098,10638,,24/09/2026,Caio César Borges de Oliveira
4150498,14365,11115,AGUA OXIGENADA 3% 10 VOLUMES 1L,24/09/2026,Caio César Borges de Oliveira
4150747,14898,11332,AGULHA HIPODERMICA 25X4 P/ ENDO (CEO),24/09/2026,Caio César Borges de Oliveira
4150748,14373,11339,AGULHA HIPODERMICA 30X4 P/ ENDO (CEO),24/09/2026,Caio César Borges de Oliveira
4150477,15210,11575,ALAVANCA INFANTIL (KIT C/ 3 PECAS),24/09/2026,Caio César Borges de Oliveira
4150782,15198,11591,,24/09/2026,Caio César Borges de Oliveira
4150783,15199,11592,,24/09/2026,Caio César Borges de Oliveira
4150784,15223,11501,,24/09/2026,Caio César Borges de Oliveira
4150781,15206,117522,ALAVANCA TIPO CANALETA RETA C/ RANHURAS,24/09/2026,Caio César Borges de Oliveira
4150786,15690,11536,"ALAVANCAS CRYER Nº 27, 28, 31 E 32 (CEO)",24/09/2026,Caio César Borges de Oliveira
4150787,15691,115571,ALAVANCAS POTT (KIT DIREITA E ESQUERDA),24/09/2026,Caio César Borges de Oliveira
4150749,14237,11900,,24/09/2026,Caio César Borges de Oliveira
4150480,11548,12385,,24/09/2026,Caio César Borges de Oliveira
4150513,11396,13142,"ANESTESICO INJ MEPIVACAINA 2% COM VASOC EPINEFRINA 1 100,000 (CX/ 50 TUBETES)",24/09/2026,Caio César Borges de Oliveira
4150508,14771,13129,ANESTESICO INJ ARTICAINA 4% C/ EPINEFRINA (CX/ 50 TUBETES),24/09/2026,Caio César Borges de Oliveira
4150788,14722,13974,,24/09/2026,Caio César Borges de Oliveira
4150789,15213,15422,ARCO DE OSTYB PLASTICO (CEO),24/09/2026,Caio César Borges de Oliveira
4150790,14882,14882,,24/09/2026,Caio César Borges de Oliveira
4150129,17655,17655,AVENTAL CIRURGICO DESCARTAVEL GRAMATURA 50 (UNIDADE),24/09/2026,Caio César Borges de Oliveira
4150481,15698,18315,,24/09/2026,Caio César Borges de Oliveira
4150793,15207,18760,BARRA DE EIRICH 20 CM P/ AMARRIA (CEO),24/09/2026,Caio César Borges de Oliveira
4150528,15019,18883,,24/09/2026,Caio César Borges de Oliveira
4150524,11170,118833,,24/09/2026,Caio César Borges de Oliveira
4150530,14236,19862,,24/09/2026,Caio César Borges de Oliveira
4150482,15699,19878,,24/09/2026,Caio César Borges de Oliveira
4150752,14374,22015,BORRACHA ABRASIVA MEDIA P/ PECA DE MAO,24/09/2026,Caio César Borges de Oliveira
4150484,14742,22136,,24/09/2026,Caio César Borges de Oliveira
4150753,14811,14811,,24/09/2026,Caio César Borges de Oliveira
4150754,14223,14223,,24/09/2026,Caio César Borges de Oliveira
4150561,15042,15042,BROCA AR CARBIDE 06 HL,24/09/2026,Caio César Borges de Oliveira
4150563,14281,22940,BROCA AR CARBIDE 08 HL,24/09/2026,Caio César Borges de Oliveira
4150548,14078,22941,BROCA AR CARBIDE 01,24/09/2026,Caio César Borges de Oliveira
4150553,14079,22944,BROCA AR CARBIDE 02,24/09/2026,Caio César Borges de Oliveira
4150556,10381,22946,BROCA AR CARBIDE 04,24/09/2026,Caio César Borges de Oliveira
4150559,10382,22945,BROCA AR CARBIDE 04 HL,24/09/2026,Caio César Borges de Oliveira
4150560,10383,22949,BROCA AR CARBIDE 06,24/09/2026,Caio César Borges de Oliveira
4150562,14081,22950,BROCA AR CARBIDE 08,24/09/2026,Caio César Borges de Oliveira
4150564,14077,22942,BROCA AR CARBIDE 1/2,24/09/2026,Caio César Borges de Oliveira
4150566,14895,14895,BROCA AR CIRURGICA Nº 701 HL,24/09/2026,Caio César Borges de Oliveira
4150567,17095,22952,BROCA AR CIRURGICA Nº 702 HL,24/09/2026,Caio César Borges de Oliveira
4150569,15044,22954,BROCA AR CIRURGICA ZECRYA 23MM,24/09/2026,Caio César Borges de Oliveira
4150577,14343,22955,BROCA AR CIRURGICA ZEKRYA 28 MM,24/09/2026,Caio César Borges de Oliveira
4150595,14893,14893,BROCA AR DIAMANTADA 1092,24/09/2026,Caio César Borges de Oliveira
4151127,14755,22957,BROCA AR DIAMANTADA 1011,24/09/2026,Caio César Borges de Oliveira
4151128,10391,22960,BROCA AR DIAMANTADA 1013,24/09/2026,Caio César Borges de Oliveira
4151130,15043,22967,BROCA AR DIAMANTADA 1033,24/09/2026,Caio César Borges de Oliveira
4151131,10389,22968,BROCA AR DIAMANTADA 1034,24/09/2026,Caio César Borges de Oliveira
4150609,21146,21146,BROCA AR DIAMANTADA 3195 FF,24/09/2026,Caio César Borges de Oliveira
4150605,14887,22983,BROCA AR DIAMANTADA 3082,24/09/2026,Caio César Borges de Oliveira
4150580,13028,22959,BROCA AR DIAMANTADA 1012,24/09/2026,Caio César Borges de Oliveira
4151146,12980,22958,BROCA AR DIAMANTADA 1012 HL,24/09/2026,Caio César Borges de Oliveira
4150583,10392,22961,BROCA AR DIAMANTADA 1014,24/09/2026,Caio César Borges de Oliveira
4150587,12993,22964,BROCA AR DIAMANTADA 1016,24/09/2026,Caio César Borges de Oliveira
4150590,10393,22963,BROCA AR DIAMANTADA 1016 HL,24/09/2026,Caio César Borges de Oliveira
4150597,14382,22972,BROCA AR DIAMANTADA 1111,24/09/2026,Caio César Borges de Oliveira
4150599,14379,22977,BROCA AR DIAMANTADA 2130,24/09/2026,Caio César Borges de Oliveira
4150602,14435,22980,BROCA AR DIAMANTADA 3069,24/09/2026,Caio César Borges de Oliveira
4150607,14381,22985,BROCA AR DIAMANTADA 3195,24/09/2026,Caio César Borges de Oliveira
4150606,12987,22984,BROCA AR DIAMANTADA 3118 FF,24/09/2026,Caio César Borges de Oliveira
4150613,14897,22988,BROCA AR ENDO Z,24/09/2026,Caio César Borges de Oliveira
4150756,14377,23040,BROCA BR CIRUR ESFER P/ PC RETA Nº04 (CEO),24/09/2026,Caio César Borges de Oliveira
4150757,14378,23037,BROCA BR CIRUR ESFER P/ PC RETA Nº06 (CEO),24/09/2026,Caio César Borges de Oliveira
4150794,15765,15765,BROCA BR CIRUR ESFER P/ PC RETA Nº08 (CEO),24/09/2026,Caio César Borges de Oliveira
4150758,14922,23022,BROCA BR CIRURGICA P/ PECA RETA 701,24/09/2026,Caio César Borges de Oliveira
4150759,14972,23023,BROCA BR CIRURGICA P/ PECA RETA Nº 702,24/09/2026,Caio César Borges de Oliveira
4150760,14891,23025,BROCA BR CIRURGICA P/ PECA RETA Nº 703,24/09/2026,Caio César Borges de Oliveira
4150531,14929,23028,BROCA BR 01,24/09/2026,Caio César Borges de Oliveira
4150771,14967,22993,BROCA BR/PM ESFERICA Nº 1 PARA PECA DE MAO,24/09/2026,Caio César Borges de Oliveira
4150533,14494,14494,BROCA BR 02,24/09/2026,Caio César Borges de Oliveira
4150545,14296,14296,BROCA BR 06 HL,24/09/2026,Caio César Borges de Oliveira
4151136,21036,21036,BROCA BR ESFERICA N8 (CX C/6),24/09/2026,Caio César Borges de Oliveira
4150761,14974,23005,BROCA BR GATES Nº 3 HL P/ ENDO,24/09/2026,Caio César Borges de Oliveira
4150762,14971,23004,BROCA BR GATES Nº 3 P/ ENDO (CEO),24/09/2026,Caio César Borges de Oliveira
4150764,14954,14954,BROCA BR GATES Nº 4 P/ ENDO (CEO),24/09/2026,Caio César Borges de Oliveira
4150765,14885,23008,BROCA BR GATES Nº 5 HL P/ ENDO,24/09/2026,Caio César Borges de Oliveira
4150768,14914,23011,BROCA BR LARGO Nº3 P/ ENDO (CEO),24/09/2026,Caio César Borges de Oliveira
4150769,14927,23012,BROCA BR LARGO Nº4 P/ ENDO (CEO),24/09/2026,Caio César Borges de Oliveira
4150770,15013,23013,BROCA BR LENTULO (CEO) (CAIXA C/ 4),24/09/2026,Caio César Borges de Oliveira
4150766,14289,23009,BROCA BR LARGO Nº1 P/ ENDO (CEO),24/09/2026,Caio César Borges de Oliveira
4150767,14295,23010,BROCA BR LARGO Nº2 P/ ENDO (CEO),24/09/2026,Caio César Borges de Oliveira
4150773,14903,23039,BROCA CARBIDE Nº8 P/ PECA RETA,24/09/2026,Caio César Borges de Oliveira
4150565,14969,23303,BROCA AR TRANSMETAL 12,24/09/2026,Caio César Borges de Oliveira
4150486,16899,24727,,24/09/2026,Caio César Borges de Oliveira
4150487,11481,24745,,24/09/2026,Caio César Borges de Oliveira
4150489,15703,27282,CALCADOR P/ DYCAL Nº 10/20,24/09/2026,Caio César Borges de Oliveira
4150795,15247,27281,,24/09/2026,Caio César Borges de Oliveira
4151158,20996,20996,CAMPO CIRURG DESC TNT 50X50 CM - EMBALAGEM COM 50 UN,24/09/2026,Caio César Borges de Oliveira
4150775,15145,28638,CAMPO CIRURG DESC TNT 60X90 CM (CEO),24/09/2026,Caio César Borges de Oliveira
4150776,14949,30238,CARBONO LIQUIDO P/ AJUSTE PROTETICO,24/09/2026,Caio César Borges de Oliveira
4150615,10485,30538,,24/09/2026,Caio César Borges de Oliveira
4151169,14069,14069,,24/09/2026,Caio César Borges de Oliveira
4151168,13572,31149,,24/09/2026,Caio César Borges de Oliveira
4151167,20344,20344,CARTELA PLASTICA DE RX PERIAPICAL P/ 2 FILMES PCT C/ 10,24/09/2026,Caio César Borges de Oliveira
4151166,15016,15016,CARTELA PLASTICA P/ FILME OCLUSAL (RX) (PACOTE C/ 10),24/09/2026,Caio César Borges de Oliveira
4150491,17908,34416,,24/09/2026,Caio César Borges de Oliveira
4151175,13803,34954,,24/09/2026,Caio César Borges de Oliveira
4151176,11446,34956,,24/09/2026,Caio César Borges de Oliveira
4150621,15021,34958,,24/09/2026,Caio César Borges de Oliveira
4150622,13808,34960,,24/09/2026,Caio César Borges de Oliveira
4150796,11542,35109,CINZEL DE RHODES 36-37 (CEO),24/09/2026,Caio César Borges de Oliveira
4150797,20777,20777,,24/09/2026,Caio César Borges de Oliveira
4150798,15708,35113,CINZEL P/ MICRO CIRURGIA,24/09/2026,Caio César Borges de Oliveira
4150625,11448,36097,,24/09/2026,Caio César Borges de Oliveira
4150799,11564,37201,,24/09/2026,Caio César Borges de Oliveira
4151180,21186,21186,,24/09/2026,Caio César Borges de Oliveira
4151182,15076,38278,,24/09/2026,Caio César Borges de Oliveira
4151183,15010,38280,,24/09/2026,Caio César Borges de Oliveira
4151177,14956,38279,CONE DE GUTA PERCHA (P) PRIMARY RECIPROCANTE,24/09/2026,Caio César Borges de Oliveira
4151184,21037,21037,,24/09/2026,Caio César Borges de Oliveira
4150800,15249,39390,,24/09/2026,Caio César Borges de Oliveira
4150626,12896,46111,,24/09/2026,Caio César Borges de Oliveira
4150601,15806,15806,,24/09/2026,Caio César Borges de Oliveira
4150629,11440,46496,CUNHA DE MADEIRA SORTIDA PCT C/100 UNI,24/09/2026,Caio César Borges de Oliveira
4150802,15713,15713,CURETA CANE KAPLAN Nº 6 (CEO),24/09/2026,Caio César Borges de Oliveira
4150495,15065,15065,,24/09/2026,Caio César Borges de Oliveira
4150803,12943,46562,CURETA CIRURGICA LUCAS Nº85 (CEO),24/09/2026,Caio César Borges de Oliveira
4150503,15063,46548,,24/09/2026,Caio César Borges de Oliveira
4150504,15062,46549,,24/09/2026,Caio César Borges de Oliveira
4150505,15064,46550,,24/09/2026,Caio César Borges de Oliveira
4150804,13799,46552,CURETA GOLDMAN FOX Nº 2 (CEO),24/09/2026,Caio César Borges de Oliveira
4150496,10463,10463,,24/09/2026,Caio César Borges de Oliveira
4150497,10464,46554,,24/09/2026,Caio César Borges de Oliveira
4150499,10461,10461,,24/09/2026,Caio César Borges de Oliveira
4150501,10462,46534,,24/09/2026,Caio César Borges de Oliveira
4150506,15715,46567,CURETA P/ DENTINA Nº 11 1/2,24/09/2026,Caio César Borges de Oliveira
4150507,15716,46569,CURETA P/ DENTINA Nº 18,24/09/2026,Caio César Borges de Oliveira
4150509,15714,46571,CURETA P/ DENTINA Nº 5,24/09/2026,Caio César Borges de Oliveira
4150631,14241,47075,,24/09/2026,Caio César Borges de Oliveira
4150805,15718,47669,DESTACA PERIOSTEO DE MOLT (CEO),24/09/2026,Caio César Borges de Oliveira
4150778,14342,14342,DISCO DE FELTRO P/ CONTRA ANGULO,24/09/2026,Caio César Borges de Oliveira
4151174,14344,49640,EDTA SOLUCAO QUELANTE AQUOSA A 17% 20ML,24/09/2026,Caio César Borges de Oliveira
4151173,15633,49641,EDTA SOLUCAO QUELANTE 24% GEL 2 SERINGAS (CEO),24/09/2026,Caio César Borges de Oliveira
4150633,11442,51871,ESCOVA DENTAL PLASTICA ADULTO UNIDADE,24/09/2026,Caio César Borges de Oliveira
4150635,11151,51879,ESCOVA DENTAL PLASTICA INFANTIL UNIDADE,24/09/2026,Caio César Borges de Oliveira
4150641,15634,117544,ESCOVA DENTAL PLASTICA P/ BEBE,24/09/2026,Caio César Borges de Oliveira
4151126,10453,51919,,24/09/2026,Caio César Borges de Oliveira
4150643,14738,51959,,24/09/2026,Caio César Borges de Oliveira
4150806,15720,15720,ESPATULA DE FREER (CEO),24/09/2026,Caio César Borges de Oliveira
4150512,15083,52310,,24/09/2026,Caio César Borges de Oliveira
4150807,15060,52322,ESPATULA DUPLA Nº 31,24/09/2026,Caio César Borges de Oliveira
4150808,15046,52321,,24/09/2026,Caio César Borges de Oliveira
4150514,15128,52323,,24/09/2026,Caio César Borges de Oliveira
4150809,11488,52328,,24/09/2026,Caio César Borges de Oliveira
4150516,15721,15721,ESPATULA P/ INSERCAO DE RESINA FOTOPOLIMERIZAVEL Nº 1,24/09/2026,Caio César Borges de Oliveira
4150515,15066,52293,,24/09/2026,Caio César Borges de Oliveira
4150810,11547,52343,ESPATULA PLASTICA P/ MAN GESSO/ALGINATO (PROTESE),24/09/2026,Caio César Borges de Oliveira
4150811,12952,52345,ESPATULA SIMPLES P/ CERA Nº36,24/09/2026,Caio César Borges de Oliveira
4150519,15225,52425,,24/09/2026,Caio César Borges de Oliveira
4150976,21137,21137,,24/09/2026,Caio César Borges de Oliveira
4150520,10436,52426,,24/09/2026,Caio César Borges de Oliveira
4150812,15141,15141,ESTOJO INOX P/ ENDO 12X5CM (CEO),24/09/2026,Caio César Borges de Oliveira
4151179,21188,118497,,24/09/2026,Caio César Borges de Oliveira
4151132,11592,54182,,24/09/2026,Caio César Borges de Oliveira
4151133,15636,54183,,24/09/2026,Caio César Borges de Oliveira
4150813,15723,15723,CURETA PERIODONTAL MC CALL Nº 17/18 HF (CEO),24/09/2026,Caio César Borges de Oliveira
4150814,15146,15146,,24/09/2026,Caio César Borges de Oliveira
4150646,14278,55871,,24/09/2026,Caio César Borges de Oliveira
4150815,15132,15132,FIO DE ACO CIRURGICO Nº 0 P/ AMARRIA (CEO),24/09/2026,Caio César Borges de Oliveira
4150649,14915,14915,FIO DE NYLON P/ CONFECCAO DE CONTENCAO DENTAL,24/09/2026,Caio César Borges de Oliveira
4150653,14333,56675,,24/09/2026,Caio César Borges de Oliveira
4151161,20784,20784,"FIO DE SUTURA POLIGLACTINA AG TRIFACETADA 3-0 1,9CM 70CM",24/09/2026,Caio César Borges de Oliveira
4151163,12806,56670,"FIO DE SUTURA POLIGLACTINA AG TRIFACETADA 4-0 1,6CM 45CM (ODONTOLOGIA)",24/09/2026,Caio César Borges de Oliveira
4151164,17105,17105,"FIO DE SUTURA POLIGLACTINA AG TRIFACETADA 5-0 1,6CM 45CM (ODONTOLOGIA)",24/09/2026,Caio César Borges de Oliveira
4151165,17882,56672,"FIO DE SUTURA POLIGLACTINA AG TRIFACETADA 6-0 1,6CM 45CM (ODONTOLOGIA)",24/09/2026,Caio César Borges de Oliveira
4151170,11190,118939,,24/09/2026,Caio César Borges de Oliveira
4150658,11723,118619,,24/09/2026,Caio César Borges de Oliveira
4150661,10476,58339,,24/09/2026,Caio César Borges de Oliveira
4150547,15283,59001,,24/09/2026,Caio César Borges de Oliveira
4150549,15309,15309,,24/09/2026,Caio César Borges de Oliveira
4150550,15308,59002,,24/09/2026,Caio César Borges de Oliveira
4150551,10430,10430,,24/09/2026,Caio César Borges de Oliveira
4150552,15311,15311,,24/09/2026,Caio César Borges de Oliveira
4150554,11537,59003,,24/09/2026,Caio César Borges de Oliveira
4150555,15310,15310,,24/09/2026,Caio César Borges de Oliveira
4150557,15307,59004,,24/09/2026,Caio César Borges de Oliveira
4150558,15306,59005,,24/09/2026,Caio César Borges de Oliveira
4150568,10434,10434,FORCEPS ODONTOLOGICO INFANTIL Nº 69,24/09/2026,Caio César Borges de Oliveira
4150522,11535,58963,,24/09/2026,Caio César Borges de Oliveira
4150523,15286,58965,,24/09/2026,Caio César Borges de Oliveira
4150525,15727,15727,,24/09/2026,Caio César Borges de Oliveira
4150526,10428,58967,,24/09/2026,Caio César Borges de Oliveira
4150527,10423,10423,,24/09/2026,Caio César Borges de Oliveira
4150529,13009,13009,,24/09/2026,Caio César Borges de Oliveira
4150536,10424,10424,,24/09/2026,Caio César Borges de Oliveira
4150537,10427,58974,,24/09/2026,Caio César Borges de Oliveira
4150538,10425,10425,,24/09/2026,Caio César Borges de Oliveira
4150539,15313,15313,,24/09/2026,Caio César Borges de Oliveira
4150540,15312,58979,,24/09/2026,Caio César Borges de Oliveira
4150542,11534,11534,,24/09/2026,Caio César Borges de Oliveira
4150544,11533,11533,,24/09/2026,Caio César Borges de Oliveira
4150546,10429,58989,,24/09/2026,Caio César Borges de Oliveira
4150666,10475,59114,,24/09/2026,Caio César Borges de Oliveira
4150816,15243,15243,GENGIVOTOMO DE ORBAN (CEO),24/09/2026,Caio César Borges de Oliveira
4150817,15242,15242,GENGIVOTOMO KIRKLAND (CEO),24/09/2026,Caio César Borges de Oliveira
4151178,14390,14390,,24/09/2026,Caio César Borges de Oliveira
4150818,14884,61895,,24/09/2026,Caio César Borges de Oliveira
4150570,15183,62111,GRAMPO P/ ISOLAMENTO C/ DIQUE Nº 00,24/09/2026,Caio César Borges de Oliveira
4150575,15267,62116,GRAMPO P/ ISOLAMENTO C/ DIQUE Nº 1 A,24/09/2026,Caio César Borges de Oliveira
4150572,13070,62112,GRAMPO P/ ISOLAMENTO C/ DIQUE Nº 12 A,24/09/2026,Caio César Borges de Oliveira
4150573,15180,62114,GRAMPO P/ ISOLAMENTO C/ DIQUE Nº 14,24/09/2026,Caio César Borges de Oliveira
4150574,15260,62115,GRAMPO P/ ISOLAMENTO C/ DIQUE Nº 14 A,24/09/2026,Caio César Borges de Oliveira
4150578,13076,62117,GRAMPO P/ ISOLAMENTO C/ DIQUE Nº 201,24/09/2026,Caio César Borges de Oliveira
4150579,15268,15268,GRAMPO P/ ISOLAMENTO C/ DIQUE Nº 203,24/09/2026,Caio César Borges de Oliveira
4150581,15184,62118,GRAMPO P/ ISOLAMENTO C/ DIQUE Nº 204,24/09/2026,Caio César Borges de Oliveira
4150582,15271,15271,GRAMPO P/ ISOLAMENTO C/ DIQUE Nº 205,24/09/2026,Caio César Borges de Oliveira
4150584,15270,15270,GRAMPO P/ ISOLAMENTO C/ DIQUE Nº 207,24/09/2026,Caio César Borges de Oliveira
4150585,13050,13050,GRAMPO P/ ISOLAMENTO C/ DIQUE Nº 208,24/09/2026,Caio César Borges de Oliveira
4150586,13075,62119,GRAMPO P/ ISOLAMENTO C/ DIQUE Nº 209,24/09/2026,Caio César Borges de Oliveira
4150588,13071,62120,GRAMPO P/ ISOLAMENTO C/ DIQUE Nº 211,24/09/2026,Caio César Borges de Oliveira
4150589,13082,62121,GRAMPO P/ ISOLAMENTO C/ DIQUE Nº 212,24/09/2026,Caio César Borges de Oliveira
4150591,15269,15269,GRAMPO P/ ISOLAMENTO C/ DIQUE Nº 214,24/09/2026,Caio César Borges de Oliveira
4150594,15186,62124,GRAMPO P/ ISOLAMENTO C/ DIQUE Nº 27,24/09/2026,Caio César Borges de Oliveira
4150596,15261,62125,GRAMPO P/ ISOLAMENTO C/ DIQUE Nº W8A,24/09/2026,Caio César Borges de Oliveira
4150576,13051,13051,GRAMPO P/ ISOLAMENTO C/ DIQUE Nº200,24/09/2026,Caio César Borges de Oliveira
4150592,13074,62122,GRAMPO P/ ISOLAMENTO COM DIQUE Nº 26,24/09/2026,Caio César Borges de Oliveira
4150593,15730,15730,GRAMPO P/ ISOLAMENTO COM DIQUE Nº 26 A,24/09/2026,Caio César Borges de Oliveira
4150671,11449,11449,,24/09/2026,Caio César Borges de Oliveira
4150675,10400,63126,,24/09/2026,Caio César Borges de Oliveira
4150614,15254,15254,"INSERTO JET LAXIS SONIC T1, T2 E T3",24/09/2026,Caio César Borges de Oliveira
4150624,17895,64306,INSERTO P/ AP ULTRASSOM ORTUS G1,24/09/2026,Caio César Borges de Oliveira
4150620,18493,18493,"INSERTO P/ AP ULTRASSOM ORTUS G1,G2,G4",24/09/2026,Caio César Borges de Oliveira
4150627,20813,20813,INSERTO P/ AP ULTRASSOM ORTUS G2,24/09/2026,Caio César Borges de Oliveira
4150628,20814,64316,INSERTO P/ AP ULTRASSOM ORTUS G4,24/09/2026,Caio César Borges de Oliveira
4150610,15256,15256,INSERTO P/ APAR ALTSONIC JET CERAMIC G1,24/09/2026,Caio César Borges de Oliveira
4150608,15255,15255,"INSERTO P/ APAR ALTSONIC JET CERAMIC G1, G2, P4",24/09/2026,Caio César Borges de Oliveira
4150611,20377,64305,INSERTO P/ APAR ALTSONIC JET CERAMIC G2,24/09/2026,Caio César Borges de Oliveira
4150612,20378,20378,INSERTO P/ APAR ALTSONIC JET CERAMIC G3,24/09/2026,Caio César Borges de Oliveira
4150598,20810,64315,INSERTO P/ ULTRASSOM COMP/ MARCA ALT SONIC JET CEMRAMIC Nº1,24/09/2026,Caio César Borges de Oliveira
4150603,20811,64314,INSERTO P/ ULTRASSOM COMP/ MARCA ALT SONIC JET CEMRAMIC Nº2,24/09/2026,Caio César Borges de Oliveira
4150604,20812,64298,INSERTO P/ ULTRASSOM COMP/ MARCA ALT SONIC JET CEMRAMIC Nº3,24/09/2026,Caio César Borges de Oliveira
4150630,20779,64308,INSERTO PARA ULTRASSOM ORIGINAL PERIO SUB PROFINEO,24/09/2026,Caio César Borges de Oliveira
4150632,20788,64312,INSERTO PARA ULTRASSOM ORIGINAL PERIO SUPRA Nº02 SONIC MAX PLUS,24/09/2026,Caio César Borges de Oliveira
4150634,20786,64313,INSERTO PARA ULTRASSOM ORIGINAL PERIO SUPRA PROFINEO,24/09/2026,Caio César Borges de Oliveira
4150639,20789,64317,INSERTO PARA ULTRASSOM ORIGINAL T1-S MODELO JETLAXIS SONIC LED,24/09/2026,Caio César Borges de Oliveira
4150640,20790,118030,INSERTO PARA ULTRASSOM ORIGINAL T3-S MODELO JETLAXIS SONIC LED,24/09/2026,Caio César Borges de Oliveira
4150642,20791,118031,INSERTO PARA ULTRASSOM ORIGINAL T4-S MODELO JETLAXIS SONIC LED,24/09/2026,Caio César Borges de Oliveira
4150618,20787,64311,INSERTO PARA ULTRASSOM ORIGINAL UNIVERSAL Nº01 SONIC MAX PLUS,24/09/2026,Caio César Borges de Oliveira
4150644,15134,15134,KIT DE FANTOCHES DE SAUDE BUCAL (CONJ C/ 6 PECAS),24/09/2026,Caio César Borges de Oliveira
4150645,15737,67371,,24/09/2026,Caio César Borges de Oliveira
4150682,10863,68012,,24/09/2026,Caio César Borges de Oliveira
4150820,11562,68634,,24/09/2026,Caio César Borges de Oliveira
4150821,13021,68635,,24/09/2026,Caio César Borges de Oliveira
4150688,14428,68876,,24/09/2026,Caio César Borges de Oliveira
4150691,13063,69521,LENCOL DE BORRACHA (CX C/26),24/09/2026,Caio César Borges de Oliveira
4150822,15139,69872,LIMA DE SCHLUGER (CEO),24/09/2026,Caio César Borges de Oliveira
4150927,15660,69883,LIMA END RECIPR NIQ-TIT SMALL 25 MM(CART 3 UNI),24/09/2026,Caio César Borges de Oliveira
4150924,15316,69877,LIMA END RECIPR NIQ-TITAN LARGE 25 MM (CARTELA C/ 3),24/09/2026,Caio César Borges de Oliveira
4150925,14258,69879,LIMA END RECIPR NIQ-TITAN PRIMARY 21MM(CART 3 UNI),24/09/2026,Caio César Borges de Oliveira
4150926,14290,69880,LIMA END RECIPR NIQ-TITAN PRIMARY 25MM(CART 3 UNI),24/09/2026,Caio César Borges de Oliveira
4150921,14262,69873,LIMA ENDO RECIPROC N-T MEDIUM 21 MM (CARTELA C/3),24/09/2026,Caio César Borges de Oliveira
4150922,14919,69874,LIMA ENDO RECIPROC N-T MEDIUM 25 MM (CARTELA C/ 3),24/09/2026,Caio César Borges de Oliveira
4150923,14297,69875,LIMA ENDO RECIPROC N-T MEDIUM 31 MM (CARTELA C/3),24/09/2026,Caio César Borges de Oliveira
4150928,15657,69893,LIMA FLEXOFILE 15/40 25 MM (CEO) (CAIXA C/6),24/09/2026,Caio César Borges de Oliveira
4150929,14269,69894,LIMA FLEXOFILE 15/40 31 MM (CEO) (CAIXA C/6),24/09/2026,Caio César Borges de Oliveira
4150920,15045,69895,LIMA FLEXOFILE Nº 20/21 MM (CARTELA C/ 6),24/09/2026,Caio César Borges de Oliveira
4150932,15007,69909,LIMA FLEXOFILE 3 SERIE 90/140 (CEO)(CART 6 UNI),24/09/2026,Caio César Borges de Oliveira
4150930,18250,69901,LIMA FLEXOFILE 35 C/ 21 MM CAIXA C/6,24/09/2026,Caio César Borges de Oliveira
4150931,18251,18251,LIMA FLEXOFILE 35 C/ 25 MM CAIXA C/6,24/09/2026,Caio César Borges de Oliveira
4150933,18252,18252,LIMA FLEXOFILE 40 C/ 21 MM CAIXA C/6,24/09/2026,Caio César Borges de Oliveira
4150934,18253,69904,LIMA FLEXOFILE 40 C/ 25 MM CAIXA C/6,24/09/2026,Caio César Borges de Oliveira
4150935,14268,69906,LIMA FLEXOFILE 45/80 25 MM (CEO)(CART 6 UNI),24/09/2026,Caio César Borges de Oliveira
4150936,15024,69908,LIMA FLEXOFILE 45/80 31 MM (CEO)(CART 6/UNI),24/09/2026,Caio César Borges de Oliveira
4150938,14920,69905,LIMA FLEXOFILE Nº 45/80 21 MM (CEO) (CARTELA C/ 6),24/09/2026,Caio César Borges de Oliveira
4150953,15129,69911,LIMA K-FILE Nº 6/21 MM (CARTELA C/ 6),24/09/2026,Caio César Borges de Oliveira
4150943,19527,69913,LIMA K-FILE Nº06/31 MM (CARTELA C/ 6),24/09/2026,Caio César Borges de Oliveira
4150955,15058,69914,LIMA K-FILE Nº 8/21 MM (CEO) (CARTELA C/ 6),24/09/2026,Caio César Borges de Oliveira
4150941,14261,69915,LIMA K-FILE N8/25 MM (CARTELA C/ 6),24/09/2026,Caio César Borges de Oliveira
4150944,14260,69916,LIMA K-FILE Nº 08/31 MM (CARTELA C/ 6),24/09/2026,Caio César Borges de Oliveira
4150729,14968,69917,LIMA K-FILE 10 (21 MM),24/09/2026,Caio César Borges de Oliveira
4150946,19659,69919,LIMA K-FILE Nº 10/31 MM (CARTELA C/ 6),24/09/2026,Caio César Borges de Oliveira
4150947,15071,69891,LIMA K-FILE Nº 15/25 MM (CEO) (CAIXA C/ 6),24/09/2026,Caio César Borges de Oliveira
4150948,15057,69896,LIMA K-FILE Nº 20/25 MM (CEO) (CARTELA C/ 6),24/09/2026,Caio César Borges de Oliveira
4150949,14263,69897,LIMA K-FILE Nº 25/21 MM(CART 6 UNI),24/09/2026,Caio César Borges de Oliveira
4150950,14266,69898,LIMA K-FILE Nº 25/25 MM(CART 6 UNI),24/09/2026,Caio César Borges de Oliveira
4150951,14264,69899,LIMA K-FILE Nº 30/21 MM(CART 6 UNI),24/09/2026,Caio César Borges de Oliveira
4150952,14753,69900,LIMA K-FILE Nº 30/25 MM (CARTELA C/6),24/09/2026,Caio César Borges de Oliveira
4150939,14940,69921,LIMA KERR 3 SERIE 90-140/25 MM (CEO),24/09/2026,Caio César Borges de Oliveira
4150959,17846,69935,LIMA P/ LIMPEZA FINAL CANAL RADICULAR,24/09/2026,Caio César Borges de Oliveira
4150648,13080,13080,,24/09/2026,Caio César Borges de Oliveira
4150960,14926,69876,LIMA RECIPROCANTE LARGE 21 MM (CARTELA C/ 3),24/09/2026,Caio César Borges de Oliveira
4150961,14958,69878,LIMA RECIPROCANTE LARGE 31 MM (CARTELA C/ 3),24/09/2026,Caio César Borges de Oliveira
4150962,14953,69881,LIMA RECIPROCANTE PRIMARY 31MM(CART 3 UNI),24/09/2026,Caio César Borges de Oliveira
4150963,14293,69882,LIMA RECIPROCANTE SMALL 21MM(CART 3UNI),24/09/2026,Caio César Borges de Oliveira
4150964,14291,69884,LIMA RECIPROCANTE SMALL 31MM(CART 3UNI),24/09/2026,Caio César Borges de Oliveira
4150965,14265,69966,"LIMA ROTATORIA EM NI TI DE RETRATAMENTO D1, D2, D3(CX/6 LIMAS)",24/09/2026,Caio César Borges de Oliveira
4150972,14257,69947,"LIMA ROTATORIA EM NI TI M-WIRE X1, X2, X3 COM 21MM",24/09/2026,Caio César Borges de Oliveira
4150973,14294,69945,"LIMA ROTATORIA EM NI TI M-WIRE X1, X2, X3 COM 25MM",24/09/2026,Caio César Borges de Oliveira
4150974,15006,69946,"LIMA ROTATORIA EM NI TI M-WIRE X1, X2, X3 COM 31MM",24/09/2026,Caio César Borges de Oliveira
4150975,14292,69948,LIMA ROTATORIA EM NI TI M-WIRE X4 C/25MM,24/09/2026,Caio César Borges de Oliveira
4150966,14947,69949,LIMA ROTATORIA EM NI TI M-WIRE X 5 COM 25 MM (CARTELA C/ 3),24/09/2026,Caio César Borges de Oliveira
4150967,14941,69952,LIMA ROTATORIA SX19 MM P/ PRE-ALARGAMENTO EM NI TI (CX/ 6),24/09/2026,Caio César Borges de Oliveira
4150971,14948,14948,LIMA TIPO KERR Nº 10/31 MM (CARTELA C/ 6),24/09/2026,Caio César Borges de Oliveira
4151048,14279,14279,,24/09/2026,Caio César Borges de Oliveira
4151049,15022,71725,,24/09/2026,Caio César Borges de Oliveira
4150731,14888,75468,MANDRIL BR P/ CONTRA ANGULO,24/09/2026,Caio César Borges de Oliveira
4150968,13024,75472,,24/09/2026,Caio César Borges de Oliveira
4151050,15662,15662,,24/09/2026,Caio César Borges de Oliveira
4151051,21007,21007,,24/09/2026,Caio César Borges de Oliveira
4151053,17855,17855,,24/09/2026,Caio César Borges de Oliveira
4151054,17856,17856,,24/09/2026,Caio César Borges de Oliveira
4151055,18475,18475,,24/09/2026,Caio César Borges de Oliveira
4151056,14407,78044,,24/09/2026,Caio César Borges de Oliveira
4150734,19524,78053,,24/09/2026,Caio César Borges de Oliveira
4150737,14089,78054,,24/09/2026,Caio César Borges de Oliveira
4150738,14951,78055,MATRIZ DE ACO TOFFLEMERI (C/ 12 TIRAS),24/09/2026,Caio César Borges de Oliveira
4150823,12968,79498,MICRO CINZEIS DE OCHSENBEIN Nº1 (CEO),24/09/2026,Caio César Borges de Oliveira
4150824,20776,20776,,24/09/2026,Caio César Borges de Oliveira
4150825,14741,80162,MINI ORGANIZADOR PLASTICO C/ TAMPA (PROTESE),24/09/2026,Caio César Borges de Oliveira
4150826,15240,15240,,24/09/2026,Caio César Borges de Oliveira
4150827,14749,80685,MOLDEIRA P/ EDENTADOS HDR ANATOMO FISIOLOGICA (CARTELA C/ 3 PARES),24/09/2026,Caio César Borges de Oliveira
4150828,15147,80684,MOLDEIRA PARA DENTADOS DE ALUMINIO POL PERF (JOGO C/ 9 MOLDEIRAS),24/09/2026,Caio César Borges de Oliveira
4150744,15069,85785,PAPEL DETECTOR (BLOCO C/ 12 FOLHAS),24/09/2026,Caio César Borges de Oliveira
4151106,14345,87433,PASTA DE HIDROX CALCIO P/ ENDODONTIA-SER/AGUL P APLICACAO,24/09/2026,Caio César Borges de Oliveira
4150742,18259,18259,PASTA P/ TRATAMENTO DE ALVEOLITE 10G,24/09/2026,Caio César Borges de Oliveira
4150741,10406,87813,,24/09/2026,Caio César Borges de Oliveira
4151057,20735,87918,,24/09/2026,Caio César Borges de Oliveira
4151058,12942,88626,PAVIO PARA LAMPARINA (PCT C/10 UN),24/09/2026,Caio César Borges de Oliveira
4151059,21048,21048,PAVIO PARA LAMPARINA (PCT C/12 UN),24/09/2026,Caio César Borges de Oliveira
4151060,14932,88911,PEDRA DE OXIDO DE ALUMINIO CILINDRICA P/ PECA DE MAO,24/09/2026,Caio César Borges de Oliveira
4151061,14937,88912,PEDRA DE OXIDO DE ALUMINIO CONICA INVERTIDA P/ PECA DE MAO,24/09/2026,Caio César Borges de Oliveira
4151062,14938,88913,PEDRA DE OXIDO DE ALUMINIO CONICA P/ PECA DE MAO,24/09/2026,Caio César Borges de Oliveira
4150829,20731,88920,,24/09/2026,Caio César Borges de Oliveira
4150830,20732,88922,,24/09/2026,Caio César Borges de Oliveira
4150832,20733,88924,,24/09/2026,Caio César Borges de Oliveira
4150652,10466,88926,,24/09/2026,Caio César Borges de Oliveira
4151063,21059,21059,,24/09/2026,Caio César Borges de Oliveira
4151064,11451,88932,,24/09/2026,Caio César Borges de Oliveira
4150833,15196,89965,PINCA ATRAUMATICA DIETRICH 16 CM (CEO),24/09/2026,Caio César Borges de Oliveira
4150656,10467,90187,,24/09/2026,Caio César Borges de Oliveira
4150835,15755,15755,PINCA GOIVA BLUMENTHAL (CEO),24/09/2026,Caio César Borges de Oliveira
4150836,12958,90122,,24/09/2026,Caio César Borges de Oliveira
4150657,12925,12925,,24/09/2026,Caio César Borges de Oliveira
4151065,14288,90681,,24/09/2026,Caio César Borges de Oliveira
4150739,14256,90733,,24/09/2026,Caio César Borges de Oliveira
4150659,10443,91828,,24/09/2026,Caio César Borges de Oliveira
4150837,15171,92096,PLANO DE CAMPER P/ PROTESE (CEO),24/09/2026,Caio César Borges de Oliveira
4151066,17098,93495,PONTA DE ASPIRACAO ENDODONTICA VERDE 25MM (PCT C/5),24/09/2026,Caio César Borges de Oliveira
4151069,14254,93405,,24/09/2026,Caio César Borges de Oliveira
4151070,14251,93407,,24/09/2026,Caio César Borges de Oliveira
4151071,14252,93408,,24/09/2026,Caio César Borges de Oliveira
4151072,14253,93410,,24/09/2026,Caio César Borges de Oliveira
4151073,14245,93409,,24/09/2026,Caio César Borges de Oliveira
4151074,17097,93497,,24/09/2026,Caio César Borges de Oliveira
4151075,17096,93496,,24/09/2026,Caio César Borges de Oliveira
4151076,15667,15667,PONTA DE PAPEL ABSORVENTE Nº 15-40 (CEO),24/09/2026,Caio César Borges de Oliveira
4151077,14243,93418,,24/09/2026,Caio César Borges de Oliveira
4151078,14242,93419,,24/09/2026,Caio César Borges de Oliveira
4151079,14250,93420,,24/09/2026,Caio César Borges de Oliveira
4151080,14249,93421,,24/09/2026,Caio César Borges de Oliveira
4151081,14246,93417,PONTA DE PAPEL ABSORVENTE Nº 45-80 (CEO),24/09/2026,Caio César Borges de Oliveira
4151082,20352,20352,PONTA MISTURADORA P/ APARELHO PENTAMIX II (PACT/10),24/09/2026,Caio César Borges de Oliveira
4151083,17122,17122,PONTA MISTURADORA P/ APARELHO PENTAMIX II (PACT/12),24/09/2026,Caio César Borges de Oliveira
4151084,14370,93499,PONTA MISTURADORA P/ APARELHO PENTAMIX II (PACT/30),24/09/2026,Caio César Borges de Oliveira
4150638,15138,15138,PONTA PARA ULTRASON SONIC BORDEN KAVO Nº 6,24/09/2026,Caio César Borges de Oliveira
4150636,15137,15137,PONTA PARA ULTRASON SONIC BORDEN KAVO Nº 7,24/09/2026,Caio César Borges de Oliveira
4150665,15251,15251,PONTEIRA CROMADA REMOVIVEL P/ KIT SUCTOR IV SCHUSTER,24/09/2026,Caio César Borges de Oliveira
4150662,18494,18494,PONTEIRA UNIVERSAL COMP C/TDS APAR FOTOP 12 MM,24/09/2026,Caio César Borges de Oliveira
4150664,18495,18495,PONTEIRA UNIVERSAL COMP C/TDS APAR FOTOP 15 MM,24/09/2026,Caio César Borges de Oliveira
4150838,15305,93885,PORTA AGULHA CASTROVIEJO RETO (CEO),24/09/2026,Caio César Borges de Oliveira
4150672,20194,93892,,24/09/2026,Caio César Borges de Oliveira
4150839,10444,10444,PORTA AGULHA MAYO HEGAR COM WIDEA 15CM (CEO),24/09/2026,Caio César Borges de Oliveira
4150673,10447,93906,,24/09/2026,Caio César Borges de Oliveira
4150840,15136,93908,PORTA AMALGAMA MICRO PEDIATRICO INOX (CEO),24/09/2026,Caio César Borges de Oliveira
4150676,10455,119622,,24/09/2026,Caio César Borges de Oliveira
4150678,15047,94152,,24/09/2026,Caio César Borges de Oliveira
4150680,14878,94185,,24/09/2026,Caio César Borges de Oliveira
4150850,14743,14743,,24/09/2026,Caio César Borges de Oliveira
4150852,14740,14740,,24/09/2026,Caio César Borges de Oliveira
4150681,12961,94339,,24/09/2026,Caio César Borges de Oliveira
4150683,11569,94355,,24/09/2026,Caio César Borges de Oliveira
4150685,15130,94878,,24/09/2026,Caio César Borges de Oliveira
4151085,15669,95806,PROTETOR DE MANGUEIRA EM TNT (CEO) - EMBALAGEM COM 10 UN,24/09/2026,Caio César Borges de Oliveira
4150700,14398,95828,BABADOR DESCARTAVEL (PCT/ 100 UN),24/09/2026,Caio César Borges de Oliveira
4151086,13097,97939,REFIL DO TAMBOREL (C/ 50 UNID) (CEO),24/09/2026,Caio César Borges de Oliveira
4151087,14812,14812,,24/09/2026,Caio César Borges de Oliveira
4150841,15133,98639,REGUA CALIBRADORA EM PPS P/ ENDODONTIA,24/09/2026,Caio César Borges de Oliveira
4150842,15135,15135,,24/09/2026,Caio César Borges de Oliveira
4150843,15244,15244,REGUA ENDODONTICA MET MILIMETRADA (CEO),24/09/2026,Caio César Borges de Oliveira
4151088,15670,99027,REMOVEDOR DE CERAS E GORDURAS P/ TRABALHOS PROTETICOS,24/09/2026,Caio César Borges de Oliveira
4151089,14273,14273,,24/09/2026,Caio César Borges de Oliveira
4151090,15673,99428,,24/09/2026,Caio César Borges de Oliveira
4151091,14221,99430,,24/09/2026,Caio César Borges de Oliveira
4151092,20736,20736,,24/09/2026,Caio César Borges de Oliveira
4151093,17885,17885,,24/09/2026,Caio César Borges de Oliveira
4151094,14222,99438,,24/09/2026,Caio César Borges de Oliveira
4151095,14220,99439,,24/09/2026,Caio César Borges de Oliveira
4151096,15023,99433,,24/09/2026,Caio César Borges de Oliveira
4151097,14813,99440,,24/09/2026,Caio César Borges de Oliveira
4151098,14275,99422,,24/09/2026,Caio César Borges de Oliveira
4151099,15074,99434,,24/09/2026,Caio César Borges de Oliveira
4151100,14216,99435,,24/09/2026,Caio César Borges de Oliveira
4151101,14217,99436,,24/09/2026,Caio César Borges de Oliveira
4151102,14218,99437,,24/09/2026,Caio César Borges de Oliveira
4151103,17002,99425,,24/09/2026,Caio César Borges de Oliveira
4151104,14219,99441,,24/09/2026,Caio César Borges de Oliveira
4151105,14276,99442,,24/09/2026,Caio César Borges de Oliveira
4151107,21060,21060,,24/09/2026,Caio César Borges de Oliveira
4151108,14274,99426,RESINA ACRILICA TERMOPOLIMERIZAVEL POR MICRO ONDAS LIQUIDA FRASCO 250ML,24/09/2026,Caio César Borges de Oliveira
4151109,14234,99431,,24/09/2026,Caio César Borges de Oliveira
4151110,15315,15315,RESINA AUTO POLIMERIZANTE PO 80G INCOLOR,24/09/2026,Caio César Borges de Oliveira
4150716,14272,99515,,24/09/2026,Caio César Borges de Oliveira
4150733,11615,99474,RESINA COMPOSTA A2 ESMALTE,24/09/2026,Caio César Borges de Oliveira
4150732,14270,99475,RESINA COMPOSTA A3 DENTINA,24/09/2026,Caio César Borges de Oliveira
4150730,14207,99476,RESINA COMPOSTA A3 ESMALTE,24/09/2026,Caio César Borges de Oliveira
4151047,21035,21035,,24/09/2026,Caio César Borges de Oliveira
4151111,15674,15674,,24/09/2026,Caio César Borges de Oliveira
4150715,14387,100104,,24/09/2026,Caio César Borges de Oliveira
4151114,14406,14406,,24/09/2026,Caio César Borges de Oliveira
4151115,14405,100578,,24/09/2026,Caio César Borges de Oliveira
4150718,10402,101004,ROLETE DENTAL DE ALGODAO (C/100 UNID),24/09/2026,Caio César Borges de Oliveira
4150686,11456,101794,,24/09/2026,Caio César Borges de Oliveira
4150713,14395,103086,,24/09/2026,Caio César Borges de Oliveira
4150689,13683,103435,,24/09/2026,Caio César Borges de Oliveira
4150844,15143,103526,SERINGA ENDODONTICA (CEO),24/09/2026,Caio César Borges de Oliveira
4150690,17880,103544,,24/09/2026,Caio César Borges de Oliveira
4150692,10438,105918,SINDESMOTOMO 2,24/09/2026,Caio César Borges de Oliveira
4151118,14229,106335,SOLUCAO DE CLOREXIDINA A 2% 100ML (CEO),24/09/2026,Caio César Borges de Oliveira
4151116,14392,106355,"SOLUCAO DE HIPOCLORITO DE SODIO A 2,5% 1L",24/09/2026,Caio César Borges de Oliveira
4151117,14393,14393,SOLUCAO DE HIPOCLORITO DE SODIO A 5% 1L (CEO),24/09/2026,Caio César Borges de Oliveira
4150674,15681,106370,SOLUCAO HEMOSTATICA S/ EPINEFRINA,24/09/2026,Caio César Borges de Oliveira
4150845,15758,15758,SONDA DE NABERS Nº 2N COLORIDA P/ FURCA,24/09/2026,Caio César Borges de Oliveira
4151172,12966,106483,,24/09/2026,Caio César Borges de Oliveira
4151171,12951,12951,,24/09/2026,Caio César Borges de Oliveira
4150694,15201,106512,,24/09/2026,Caio César Borges de Oliveira
4150695,15200,106551,,24/09/2026,Caio César Borges de Oliveira
4150711,14332,106946,,24/09/2026,Caio César Borges de Oliveira
4150709,14228,107220,SUGADOR CIRURGICO ESTERIL DESCARTAVEL (CX/ 40UNID),24/09/2026,Caio César Borges de Oliveira
4150708,10380,166221,,24/09/2026,Caio César Borges de Oliveira
4150745,14403,107264,,24/09/2026,Caio César Borges de Oliveira
4150696,14745,107653,,24/09/2026,Caio César Borges de Oliveira
4150853,13814,108541,,24/09/2026,Caio César Borges de Oliveira
4150846,15259,110506,TESOURA CIRURGICA GOLDMAN FOX (CEO),24/09/2026,Caio César Borges de Oliveira
4150847,15211,110648,TESOURA METZEMBAUM (CEO),24/09/2026,Caio César Borges de Oliveira
4150848,15253,15253,TESOURA P/ CORTE DE FIO DE ACO Nº 12,24/09/2026,Caio César Borges de Oliveira
4150703,10479,113990,TRICRESOL FORMALINA 10ML,24/09/2026,Caio César Borges de Oliveira
4151121,15682,15682,TUBO CIRURGICO DE SILICONE º 203 (CEO),24/09/2026,Caio César Borges de Oliveira
4150702,14386,115658,VASELINA SOLIDA ESPECIAL 20 A 35G,24/09/2026,Caio César Borges de Oliveira
4151122,14388,115662,,24/09/2026,Caio César Borges de Oliveira
4150849,15760,116532,,24/09/2026,Caio César Borges de Oliveira
4151188,10374,98971,ABRIDOR DE BOCA TIPO ABRITEC (ADULTO),24/09/2026,Caio César Borges de Oliveira
4151189,10378,113221,AGULHA GENGIVAL LONGA 27 G (CAIXA COM 100 UNIDADES),24/09/2026,Caio César Borges de Oliveira
4151187,21234,21234,KIT DESCARTAVEL ESTERIL ODONTO (AVENTAIS + PANO DE CAMPO),24/09/2026,Caio César Borges de Oliveira
4151195,18479,11528,"ALAVANCA APEXO 301,302,303 (KIT 3PECAS)",24/09/2026,Caio César Borges de Oliveira
4151204,21225,21225,SUGADOR CIRURGICO ESTERIL DESCARTAVEL (CX/ 20UNID),24/09/2026,Caio César Borges de Oliveira
4151207,15321,22976,BROCA AR DIAMANTADA 2128 F,24/09/2026,Caio César Borges de Oliveira
4151208,14434,23027,BROCA TUNGSTENIO ESFERICA P/ PC RETA (CEO),24/09/2026,Caio César Borges de Oliveira
4151209,13083,33693,,24/09/2026,Caio César Borges de Oliveira
4151210,14809,34985,,24/09/2026,Caio César Borges de Oliveira
4151211,14946,46804,,24/09/2026,Caio César Borges de Oliveira
4151212,20958,20958,,24/09/2026,Caio César Borges de Oliveira
4151214,21191,21191,DISCO DE LIXA DE OXIDO DE AL P/ ACABAM RESINA FOTO (C/ 50 DISCOS),24/09/2026,Caio César Borges de Oliveira
4151215,14339,48416,DISCO DIAMANTADO PICOTADO P/ PECA DE MAO,24/09/2026,Caio César Borges de Oliveira
4151216,14930,51855,ESCOVA CIRCULAR DE PELO Nº 10 P/ TORNO,24/09/2026,Caio César Borges de Oliveira
4151217,20193,20193,ESCOVA CIRCULAR DE PELO Nº 12 P/ TORNO,24/09/2026,Caio César Borges de Oliveira
4151218,14950,51856,ESCOVA CIRCULAR DE PELO Nº 27 P/ TORNO,24/09/2026,Caio César Borges de Oliveira
4151219,15068,51857,ESCOVA CIRCULAR DE PELO Nº 29 P/ TORNO,24/09/2026,Caio César Borges de Oliveira
4151220,13066,118839,,24/09/2026,Caio César Borges de Oliveira
4151222,14973,81485,MULTILAMINADOS BR P/ POLIMENTO AMALGAMA,24/09/2026,Caio César Borges de Oliveira
4151223,12941,12941,,24/09/2026,Caio César Borges de Oliveira
4151224,15245,10884,,24/09/2026,Caio César Borges de Oliveira
4151225,20971,20971,ALAVANCA APICAIS (KIT),24/09/2026,Caio César Borges de Oliveira
4151226,15252,15252,,24/09/2026,Caio César Borges de Oliveira
4151227,15224,12062,,24/09/2026,Caio César Borges de Oliveira
4151228,15202,15202,ALICATE P/ CORTE DE FIO DE ACO,24/09/2026,Caio César Borges de Oliveira
4151229,13798,12057,,24/09/2026,Caio César Borges de Oliveira
4151230,15693,12419,,24/09/2026,Caio César Borges de Oliveira
4151231,15236,15236,ARCO INOX P/ ISOLAMENTO C/ DIQUE (CEO),24/09/2026,Caio César Borges de Oliveira
4151232,12935,27274,,24/09/2026,Caio César Borges de Oliveira
4151233,15248,27275,,24/09/2026,Caio César Borges de Oliveira
4151234,15246,27276,,24/09/2026,Caio César Borges de Oliveira
4151235,15142,28671,,24/09/2026,Caio César Borges de Oliveira
4151236,11543,35112,,24/09/2026,Caio César Borges de Oliveira
4151237,12953,36820,,24/09/2026,Caio César Borges de Oliveira
4151238,15238,36819,,24/09/2026,Caio César Borges de Oliveira
4151239,20972,20972,,24/09/2026,Caio César Borges de Oliveira
4151240,21057,21057,,24/09/2026,Caio César Borges de Oliveira
4151241,14750,53482,,24/09/2026,Caio César Borges de Oliveira
4151242,20973,20973,,24/09/2026,Caio César Borges de Oliveira
4151243,20967,20967,KIT C/ 8 MOLDEIRAS PLASTICAS,24/09/2026,Caio César Borges de Oliveira
4151245,15029,89970,,24/09/2026,Caio César Borges de Oliveira
4151246,15174,15174,PINCA PORTA GRAMPO P/ DIQUE (CEO),24/09/2026,Caio César Borges de Oliveira
4151247,20936,20936,,24/09/2026,Caio César Borges de Oliveira
4151248,20935,118902,,24/09/2026,Caio César Borges de Oliveira
4151249,15017,93909,,24/09/2026,Caio César Borges de Oliveira
4151250,21058,21058,,24/09/2026,Caio César Borges de Oliveira
4151251,14214,95824,,24/09/2026,Caio César Borges de Oliveira
4151252,15759,15759,,24/09/2026,Caio César Borges de Oliveira
4151253,13006,12411,AMALGAMA EM CAPSULA COM UMA DOSE (C/ 50 CAPSULAS),24/09/2026,Caio César Borges de Oliveira
4151254,14338,22982,BROCA AR DIAMANTADA 3080,24/09/2026,Caio César Borges de Oliveira
4151255,14284,33701,,24/09/2026,Caio César Borges de Oliveira
4151256,14287,14287,CIMENTO CIRURGICO SEM EUGENOL (CEO),24/09/2026,Caio César Borges de Oliveira
4151257,14928,38085,CONE DE FELTRO P/ TORNO DE POLIMENTO DE RESINA,24/09/2026,Caio César Borges de Oliveira
4151258,14404,46141,,24/09/2026,Caio César Borges de Oliveira
4151259,10452,48401,DISCO DE LIXA EM OXIDO DE AL P/ POLIM RESINA ACRILICA (C/ 100 DISCOS),24/09/2026,Caio César Borges de Oliveira
4151260,14433,53799,EUCALIPTOL (SOLVENTE DE GUTTA PERCHA) 10 A 20ML (CEO),24/09/2026,Caio César Borges de Oliveira
4151261,14224,64899,ISOLANTE DE RESINA RAAQ 500ML(CEO),24/09/2026,Caio César Borges de Oliveira
4151262,21227,21227,,24/09/2026,Caio César Borges de Oliveira
4151267,11491,61464,,24/09/2026,Caio César Borges de Oliveira
4151268,21216,21216,,24/09/2026,Caio César Borges de Oliveira
4151270,15070,60243,FRESA TUNGSTENIO P/ PC DE MAO MAXI CUT,24/09/2026,Caio César Borges de Oliveira
4151271,15056,60244,FRESA TUNGSTENIO P/ PC DE MAO MINI CUT,24/09/2026,Caio César Borges de Oliveira
4151272,21093,21093,CLOREXIDINA 2% GEL (CAIXA C/ 2 SERINGAS) (CEO),24/09/2026,Caio César Borges de Oliveira
4151274,14225,61456,GESSO BRANCO COMUM TIPO II PACT1KG (PROTESE),24/09/2026,Caio César Borges de Oliveira
4151275,11492,61461,GESSO ESPECIAL TIPO IV,24/09/2026,Caio César Borges de Oliveira
4151277,15651,34955,CIMENTO ENDODONTICO PO COM HIDROCORTISONA 1%,24/09/2026,Caio César Borges de Oliveira
4151278,20970,20970,,24/09/2026,Caio César Borges de Oliveira
4151281,12944,12076,ALICATE PERFURADOR DE LENCOL DE BORRACHA (AINSWORTH) (CEO),24/09/2026,Caio César Borges de Oliveira
